"","RAV220","RAV99","RAV1303","RAV504","RAV468","RAV868","RAV324","RAV683","RAV27","RAV119","RAV438","RAV503","RAV833","RAV2515","RAV312"
"TCGA.2E.A9G8",-0.585154545159086,-0.658107253301218,0.549497929519185,0.360572719801456,-0.160140851454939,0.729150555316257,0.509898689975458,-0.444766634585664,-0.41408859232529,0.191226251038506,-0.225268881599316,0.396252323751783,1.11080200963261,-0.469464557709424,0.242862018198634
"TCGA.4E.A92E",0.0159652103709715,1.48623103156839,-1.46300836870241,-1.10338966835071,1.06385084331793,-0.12642524945122,-0.855102213249307,1.78168673541563,1.08691249057998,-1.42676045090642,0.0085883879714815,-1.7465378039213,-0.238272481648002,1.35273128970145,1.30819747019674
"TCGA.5B.A90C",-0.974332513327289,0.969038901475181,-1.02416185640233,-1.2591813438696,0.312649222339287,0.82616692284504,0.375651157838434,0.398430128255167,0.789809047424723,-0.746738799345856,-1.38001474661171,-0.146600073232145,0.0321661622296747,1.49417863102715,1.18093591865996
"TCGA.5S.A9Q8",-0.976211416594297,-0.416884954048875,0.440236133311574,1.57029407237282,3.03333811987175,-1.15729982182938,-0.223399240300748,1.87402150616513,-0.880964460800099,-1.43283233155123,2.97793197778919,-2.83718429589696,-0.51223349418481,-1.49868968414605,0.922820205318384
"TCGA.A5.A1OH",0.888006646224828,0.411272108755955,-0.540039737892325,-0.550158884935876,-1.25088098910582,-1.17388870163677,-1.99172869237948,0.324425975136397,1.28120322949198,0.453667162486809,-0.041067387502964,-0.0297035885582059,-1.48049557558671,0.259887919316173,-0.811457660178358
"TCGA.A5.A2K2",-1.19393815843813,0.348518770956343,-0.533893210488574,-0.323892070147738,0.889325619324757,0.620095113417424,0.81920749916422,0.613277867528631,-0.0766165740503338,-0.272117011795526,-0.388125038719813,-0.736382527101147,0.492435405879596,0.338622272740232,0.701442404088926
"TCGA.A5.A2K3",0.439445514197233,-1.35510722062208,2.10281988760744,1.58028514508906,0.137446566291282,-0.921148563914546,0.460697691577471,-0.998316023544413,-2.01550106823547,0.827832741434248,1.36174320153952,0.251700298649361,-0.125654051181874,-1.3889404693872,-0.416596017063551
"TCGA.A5.A2K4",-0.00763504993540235,1.19154545632869,-1.04688358319741,-0.64184556049074,1.09032719494781,-0.557267824902407,-0.348462940890367,1.43386523124158,0.62769979954737,-0.790578301127312,0.184285663397575,-1.59091614064785,-0.355091068490913,0.906518348491583,0.884523295207697
"TCGA.A5.A2K5",-0.672521309363347,-2.30019494907935,2.22259006561845,1.88203336997998,-1.60961657451113,0.686780496385843,1.10236691342835,-2.23011285650092,-2.10678231037657,1.66793259567994,0.105985165922028,1.99181517717845,0.548458546442382,-1.90233530347798,-1.76723604692938
"TCGA.A5.A2K7",-0.63230196968582,-0.67278656510463,0.765594925587371,0.466193860487553,-0.751544793718281,0.438407069845347,0.754250819735223,-1.17419106013529,-0.90562059314272,0.916672401652615,-0.497556185377695,1.44038715996006,0.0321302436917654,-0.400368994337683,-0.61051388089166
"TCGA.A5.A3LO",-0.833514258832107,0.688303578765235,-0.756485773951361,-0.947494088677039,0.134633316810833,1.16639459610452,1.12516078226292,0.070471018784631,0.287209537496842,-0.488877348157192,-1.48529071723849,0.473218007951,0.408387442068996,1.20603643879095,0.875662471802563
"TCGA.A5.A3LP",-0.194707719609327,0.550227811669177,-0.519995810020264,-0.530960643237029,-0.025423102290608,-0.00882087394262768,0.0791919238040906,0.289137136965852,0.325178234095934,0.0330535983127202,-0.415382436353888,-0.157873106721062,-0.269069960312375,0.645211889284583,0.0701219363536293
"TCGA.A5.A7WJ",-1.32847091787595,0.712240617514493,-1.26838148584376,-1.19657389149368,-0.144817996563331,1.87254032012264,1.25196627273693,0.36077475615319,0.824394988008806,-0.67492924495256,-1.91469246438985,-0.17147045724151,1.22735366181541,1.15275797971347,0.827273663809397
"TCGA.A5.A7WK",-0.423854983681262,0.367419901345306,-0.522786679839096,-0.659302127239667,-1.0230886524512,0.682558930894263,0.143524674873433,-0.359492378901625,0.458965037035621,0.433701473745757,-1.14154040640359,0.76590094455556,0.0633746344942893,0.61959770644298,-0.394220077010581
"TCGA.A5.AB3J",1.77429976674103,0.931070152862324,-0.81292978463301,-0.610432487270448,-0.22567928667193,-1.004930423429,-1.59279273063358,0.73242641698821,1.12100175559088,-0.458377831391574,0.463626848500425,-0.436177140589632,-1.1555143993357,0.567993639397405,-0.259688004405422
"TCGA.AJ.A23N",-0.0224565157271616,1.15465473202563,-0.907098267021856,-0.976028846804054,-0.213416675289211,-0.131144190904679,-0.492146642620564,0.475392373993991,0.748180815235393,-0.0710830997989133,-0.489705838000358,-0.293960830404923,-1.19082021811967,1.09986824223793,0.295655088954426
"TCGA.AJ.A2QM",-0.81959782100124,0.631204719596936,-0.866172435558336,-0.509801305481812,0.177040330755537,0.201217280980912,-0.06581816658036,0.686437219731438,0.459132625864971,-0.121951375091515,-0.197264405618756,-0.430911804654723,-0.282235538783396,0.705644451096744,0.0359552803434086
"TCGA.AJ.A2QO",-0.654857264293694,-0.36958206982871,0.0209670617432813,0.0167946592443712,-0.783494818982631,1.36944779822023,1.75945032215468,-0.808763279200567,-0.360773060476121,0.791154274208564,-1.34452961639021,0.941068280026756,1.60017725580329,0.0372954651188986,-0.540954248881937
"TCGA.AJ.A3BD",-0.0808836237821378,-1.42909149650962,1.39778836344518,1.35884037991545,-1.19984758649498,-0.0859200611050041,0.512017691963314,-1.41345347365925,-1.38467121461218,1.55091204487401,0.144984502999856,1.08364210098447,0.709504804229596,-1.2668726412203,-1.42206079260655
"TCGA.AJ.A3BF",-0.296153175469243,-0.0888989015966646,0.068045493932656,0.116993017992907,-0.528740835870839,-0.0199752370588492,0.13365762514996,-0.212932005944753,-0.145788273892343,0.763196234486834,-0.0792555364416209,-0.00606137069140697,-0.0974941410407195,-0.180070814858968,-0.608399681017122
"TCGA.AJ.A3BG",-1.35761823665501,-0.867555808185074,0.457577516148816,0.571698236764311,0.0670134285487542,1.55669269005252,1.90271939094869,-0.578438660294823,-1.17170999946819,0.427956783615387,-0.662566996102306,0.262126347252138,1.2746316976585,-0.637510774638016,-0.285079351539331
"TCGA.AJ.A3BH",-0.346393738169754,0.995817687720895,-0.878076004883571,-0.476920901485899,1.07237222529956,-0.360037849674429,0.287306171705262,1.22361033188802,0.436702926123683,-0.566764786720295,0.309869202830212,-1.59829354379173,-0.437150497165696,0.692080455720092,0.72079369193656
"TCGA.AJ.A3BI",-0.384321980233482,-2.84471706745134,2.67752736042888,2.3654950525541,-1.35434026265755,0.485293349167362,1.24426655793207,-2.45253695690673,-2.67342045334046,1.85663955633285,0.442961635084779,2.19875701506525,1.15347494882612,-2.21789512496427,-1.93028868305967
"TCGA.AJ.A3BK",-0.0420261494899365,-1.40455330471264,1.52407119791181,1.18393797160033,-1.4360327653976,0.396530954648191,0.722889547705648,-1.78831372646535,-1.37027006602334,1.47756957726297,-0.0448796096779085,1.6545726362687,0.804328003705416,-1.12571760530738,-1.33036916682463
"TCGA.AJ.A3EJ",0.248499234998706,0.369968791358576,-0.166729431557033,-0.0698860745533097,0.292534686603498,-0.55035309151744,-0.54336213112932,0.46093664747634,-0.0505087685852073,0.0559181506150136,0.282282521023751,-0.455275160997726,-0.794651250191594,0.351884335547166,0.0234551815461716
"TCGA.AJ.A3EK",-0.429563337791886,0.780237603403494,-0.688615203222581,-0.810784744365002,0.582866667547954,0.874250517002035,0.774923220729497,0.476338191644151,0.312295308725131,-0.729815329916734,-0.835140047179416,-0.587096277037035,0.13994684249918,1.09627742272283,1.16004181868288
"TCGA.AJ.A3EL",-0.0814358305187395,-0.146113044653136,0.39195613181751,-0.167265979457598,-0.162010192165638,0.257922197085211,0.128269962351687,-0.626839375869087,-0.298825280197343,-0.0476362381205924,-0.361345877881579,0.742508622417336,-0.349407369560297,0.279005918783382,0.508267656083564
"TCGA.AJ.A3EM",-0.662214348768833,-0.131805368105456,-0.162516261039461,-0.424348820753394,-0.321321413028314,0.476896395883349,0.408351334294382,-0.491845586656853,0.000983507227348084,0.37449382348993,-0.940522946674451,0.50052498054822,-0.186874171997808,0.542751422806199,-0.155021755032401
"TCGA.AJ.A3I9",-0.79696325186531,-0.399739866615318,-0.080043166274087,-0.466547413017337,0.188156683464485,1.70863768078199,0.769351492148363,-0.444646748171539,0.174984577045281,-0.746085845935189,-1.11545348626292,0.368775751584502,1.35465660202577,0.423219623177554,0.880673472345487
"TCGA.AJ.A3IA",0.574214557579041,0.765387645194004,-0.56725757609253,-0.767628267761278,-0.763328869885389,-0.267451628902447,-0.583732482087915,0.0122444925301823,0.536510466455675,0.302237336101528,-0.479097997335809,0.334215829135987,-0.945723168717356,0.9940089867475,-0.186567526800355
"TCGA.AJ.A3NC",3.54630631136614,1.5804151823751,-1.04378004704504,-1.0307639369136,1.30355139807565,-2.92842707651026,-3.2562784738517,1.46408890246638,1.74187783742785,-1.66976803473136,1.83108205931753,-0.94355645291025,-3.13475870133296,0.778527874277589,0.652337339292635
"TCGA.AJ.A3NC.1",-0.368963190079208,0.864081912603987,-1.0926195269249,-0.884349512593191,0.961317146204336,0.533780413744292,0.0367138843548539,1.15049193355904,0.993838241669692,-1.45380008296417,-0.520032068961191,-1.01410027632915,0.678040298624823,0.792231250997026,1.4102081724236
"TCGA.AJ.A3NE",2.69561171004978,1.8402344195275,-1.34362885334849,-1.06026124962625,0.718065314417994,-2.00930025034334,-2.27227477785751,1.4934635532188,1.53378053262215,-1.01919203941454,0.902855029989629,-0.81190284061361,-1.89965098326391,0.951768633276235,0.359341858721664
"TCGA.AJ.A3NE.1",-0.770821374452696,1.01332143963873,-0.990034550799355,-1.02799987991969,0.573238401143198,0.637119668561542,1.17402676136072,0.505255879208858,0.51168147373941,-0.684446192877926,-1.23530762324362,-0.289657800210405,0.389213920833422,1.40727490194269,1.17350043694722
"TCGA.AJ.A3NF",1.42724316751519,0.94366195163059,-0.695173654581168,-0.952736996756983,-0.656861841226034,-0.735251560336279,-1.08017512218696,0.184316998222122,1.03158601922052,-0.0444939987022072,-0.424827687347557,0.128427114951534,-0.893745239497542,1.12417806590787,-0.0670210121905095
"TCGA.AJ.A3NG",-0.162732434552337,1.21974299554796,-1.52748045513181,-1.48063086282521,0.120876515073474,0.554504686623315,-0.766972309860239,1.2154593237996,1.5493175532214,-0.905600228955622,-0.952691949624606,-0.797900365062755,0.0295831213077718,1.32284371705224,0.876519127430042
"TCGA.AJ.A3NH",1.70589575407653,0.482787952806201,-0.702464490902129,-0.248953849391851,0.47459726686699,-0.899168474434559,-1.54985303874314,1.02813995917334,1.29304891889408,-0.816094786036182,1.00147690128595,-0.978768637377118,0.131028052004542,-0.126449123898045,0.0333399236413191
"TCGA.AJ.A3NH.1",-0.134944766377101,0.37639255451857,-0.55636246910419,-0.617053344082204,-0.582384717618466,-0.0354462509374234,-0.683515264148609,0.17632902514909,0.690065912226074,0.0574004420215108,-0.530860147147417,-0.0802608272475132,-0.22439247721659,0.432006276720835,-0.182340883931842
"TCGA.AJ.A3OJ",-0.472564232876139,0.13638238624644,-0.127316781851704,-0.285674035726741,0.823996850324542,0.702705508090219,0.647665162589303,0.20623471614551,-0.0804031843678674,-0.702444795189621,-0.523003918853741,-0.278543285862346,0.39594316213344,0.569858251337702,1.07096579083408
"TCGA.AJ.A3OK",1.90243568893366,0.196989505252743,-0.0944651696620322,0.263245275826281,0.820760287531345,-0.914940940341779,-1.5190407442489,0.749771859178979,0.481229165883143,-0.937468865571451,1.38314774377071,-1.01947412894518,-0.000248395439572804,-0.160531613190065,0.239496417272802
"TCGA.AJ.A3OL",-0.78483351824574,0.551316792568467,-0.916921208734698,-0.861502072304725,0.147957901331206,0.655205378244709,-0.1141915734315,0.380118616243673,0.838303462021802,-0.389607550939697,-0.7340884826627,-0.120117373126696,0.208971815598547,0.555125533861821,0.368812223384153
"TCGA.AJ.A3QS",0.076863284852936,0.8790842545997,-0.944804979904035,-1.1127868618605,0.508705459929933,0.369056116146437,-0.0967301061187545,0.878775894068925,0.814800528038232,-0.825621637186205,-0.782813921983235,-0.935633950335588,0.490445147326417,1.24448802588323,1.21831071125355
"TCGA.AJ.A3TW",-0.683117666965309,-0.613863107957406,0.696737271452904,0.0754312280750823,-0.302022668237001,0.710273550559207,1.0993061361191,-0.998985518468781,-0.800295778968594,0.539356945455661,-0.75794974518076,1.09350794893142,0.511155522556614,-0.0683861829390064,0.161845168525377
"TCGA.AJ.A5DV",-0.49312443758573,0.417223326554124,-0.647509556757221,-0.629472464067114,0.936280802104205,0.98809784794009,0.787329861292325,0.787650533654954,0.490823065380841,-1.21528933428134,-0.713012832664127,-0.657382271835401,1.66336288725457,0.608325082631573,1.48759982758123
"TCGA.AJ.A5DW",-0.603414358000854,1.40651975794823,-1.43904241310615,-1.42524219632396,1.58913851762011,0.513694387795362,-0.14458812338941,1.47089050737127,1.1113624547074,-1.81684641897412,-0.412477664831996,-1.50457694070486,-0.0468974448844505,1.58811383546506,2.04348801087349
"TCGA.AJ.A6NU",0.76513945680731,1.40799679219501,-1.4863169474973,-1.4557826538186,-0.0999728974550205,0.371711414148026,-0.342227880756213,1.09117608993129,1.3207237383877,-0.722028477061385,-1.20811679054384,-0.771080556960133,0.700939675589367,1.64095175184133,0.82166390514319
"TCGA.AJ.A8CT",1.58619661171285,-0.0416900379226876,0.00651900724109846,0.43932142407346,-0.106496872888445,-0.326109260365636,-0.921425126250405,0.461354765303733,0.373672709308358,-0.212489036573766,0.995348274181702,-0.551507695272017,0.991764734930707,-0.614750587268273,-0.358971739975549
"TCGA.AJ.A8CV",0.202275171879424,-0.410442894792135,0.3183069935895,0.253497043793845,-0.511361954391904,0.754640760258064,0.516520162013375,-0.549916593496317,-0.203421702339225,0.168213418502449,-0.524841905469415,0.701181922280437,1.41518066994449,-0.269962634043662,-0.0768546671220183
"TCGA.AJ.A8CW",-0.561747670355995,0.301139777481872,-0.375988130336418,-0.425205395004822,-0.0160830632023385,0.850358194137419,0.607834701370661,0.0812024647306404,0.248365341853919,-0.234827674044784,-0.527594711531248,-0.147391548653681,0.400988809997422,0.387904327464636,0.385871589989304
"TCGA.AP.A3K1",-0.643118848370641,-0.330075154288072,0.412207889319495,0.388931740604218,0.095120564857831,0.0128170361422526,0.53377845956622,-0.467933064787807,-0.440467018544406,0.365890942623142,-0.0265869347304125,0.444516804604603,-0.203723233829153,-0.437995280727602,-0.194537383513667
"TCGA.AP.A5FX",0.0479054744151679,0.0504252978468101,-0.283923770406879,0.225518101282164,0.830022954963425,-0.0319449849073175,-0.641851638843901,1.19737481250528,0.23764675432735,-0.608638739678008,0.909761287575227,-1.27420968771592,0.863432726566596,-0.399560829074149,0.447152633428063
"TCGA.AX.A05W",-0.403770534845555,-1.28331839536324,1.30542967291215,1.58204951669266,0.4157569336199,-0.00309368320171542,1.00032719392592,-0.46678689896897,-1.46813267327806,0.408317563897241,0.76391652198215,0.110695578783804,1.24566571761477,-1.40306178075927,-0.369167633920611
"TCGA.AX.A05Y",3.28675132136232,1.75984837950731,-1.17747153750243,-1.18522563550019,1.8825925626845,-2.76225341598004,-2.88991232239386,1.69309921077225,1.72804103746406,-2.05436666535502,1.72563407365753,-1.49172186564462,-2.78456325857963,1.17844665728939,1.21484312282256
"TCGA.AX.A0IZ",3.01875557185401,1.69563968759766,-1.00408001825569,-0.486877731241969,4.63404481645303,-4.06215514229137,-3.56160073960684,3.1555171985557,1.30104352811259,-3.49730365488185,3.82285410830849,-3.54543609715019,-4.05559034051358,0.652254583909254,2.46568090280927
"TCGA.AX.A0J0",2.77004911447385,1.66362311907988,-1.24657157475571,-1.1248082126236,1.56500921548256,-2.37948265774392,-2.53835005517687,1.67639972426219,1.78760908786013,-1.93669044551877,1.38954479272601,-1.56917398714601,-2.25174535189275,1.36451959312661,1.13056082233892
"TCGA.AX.A1C7",-0.507690122412882,-2.68503327768498,2.55043649305875,2.59446920868712,-1.7380176036044,-0.554557852977831,0.752890462701463,-2.33885201242244,-2.39932925667985,2.6703318953267,0.970080043161623,1.83045981119909,0.256083363147366,-2.52893134542848,-2.79734604812119
"TCGA.AX.A2H4",0.160179301226145,0.107198604222911,0.425818131902076,0.610714541290394,0.458902702595319,-0.870855575349539,0.194539352376509,0.277025578695789,-0.68926417230146,0.486298329830387,0.960630845777696,-0.556147030943043,-0.447412627018162,-0.501585618424061,-0.151111254887773
"TCGA.AX.A2HC",3.2172363197562,1.15729808463993,-0.41987337622025,-0.51278558982594,1.57475720248249,-3.04800509406605,-2.99449421207252,1.14699458591545,0.806981965165439,-1.29970676629605,2.25160617595984,-0.980651659566688,-3.64655615627782,0.574920641367064,0.391331582905201
"TCGA.AX.A2HD",2.82441294982656,0.137310325487197,0.106085008723243,0.193217130892937,-1.04515928936628,-2.01088511646426,-1.94006779314791,-0.367804718015981,0.630000971520953,0.681084589195339,1.03052813249815,0.58174025730089,-1.38538632924426,-0.362475935938665,-1.5819167053081
"TCGA.AX.A2HH",-1.46422616563403,0.712665028306107,-1.05743588841274,-0.916962794713396,0.626545880679497,0.921041343906221,0.632779044911959,0.67982159024366,0.663009383156484,-0.712403007727747,-0.807865094769614,-0.441116696426892,-0.048112617315215,0.687560823969858,0.850140984815134
"TCGA.AX.A2IN",0.637906032347983,0.0168583940674648,0.182112739076879,-0.180353976470546,-1.09980361075201,-0.742127517668391,-1.3656954491542,-0.427356481656641,0.175734137615862,0.574167761415765,-0.192796148517893,0.389306249861771,-1.48945821888843,0.0619436611149166,-0.783929379864683
"TCGA.AX.A3FS",-0.0752249370603716,1.02981460126709,-0.823174013530126,-1.20667378347804,0.723792545864439,-0.552231118104168,-0.662926657274724,0.690988546787485,0.889372596792547,-0.859653565687148,-0.334373874564287,-0.759645913917353,-1.55986107519298,1.2361215090444,1.33334947604051
"TCGA.AX.A3FT",0.140063404779727,0.0857904140793109,0.291012330872896,0.0360421375395914,-0.390153686234103,0.00843899460448761,0.387487921972087,-0.512050859543763,-0.0739153328512814,0.32992927726592,-0.153106377073481,0.327039265244317,-0.12338022080469,-0.121564201638497,0.052462580342423
"TCGA.AX.A3FV",-0.752878561876883,-0.0675609229420501,-0.290365163980675,-0.678167887655132,-0.628578823667149,0.742715860823103,0.390393678042658,-0.127977089033007,0.36217069663951,0.247205339036805,-1.06480625133408,0.346766862875706,0.0618735745642854,0.276115940031658,0.0430996803808593
"TCGA.AX.A3FW",-1.20924967860523,-0.134567083942338,-0.227911001666402,-0.119303541582579,1.60877190839722,1.26186036432995,1.00024407915519,0.538415310569796,0.13343457638761,-1.46450540963969,-0.216150157385903,-0.921812908702357,1.6735416147672,0.0848956302607132,1.64698230791324
"TCGA.AX.A3FX",0.239440724408113,-0.248911632072553,0.331888833081875,0.553565551474049,0.257436833223002,-0.216780514309218,-0.497730581600771,0.180690542841606,-0.0866004504219975,-0.057487279926686,0.927760355726414,-0.332483019392593,0.192778777336702,-0.782796271397361,-0.151715939668901
"TCGA.AX.A3FZ",-0.435266494196413,0.901879154996935,-0.757192523219535,-1.19824386265152,0.600316698821239,-0.495290555258174,-1.27792055097613,0.618121037701115,1.04984061261167,-1.07312754634829,0.172689559827015,-0.506525579517718,-2.55477590327819,1.06778590719256,1.10137421914386
"TCGA.AX.A3G1",-0.0920936030545394,0.476832432839437,-0.35449210940969,-0.476496028500694,1.02617331811675,0.187247127376707,-0.259100258215224,0.76633249794064,0.230568388487633,-1.04595503600645,0.0564288622037208,-0.994272804866232,0.675568583698533,0.574736824462934,1.26062140488208
"TCGA.AX.A3G3",0.32608444256439,-0.439275250724492,0.82775040490172,0.675933920399741,-0.974121610740056,-0.65192246851011,-0.0449089346423703,-0.804840705127644,-0.890792726174585,1.39462075733079,0.331046799607608,0.748435319664403,-0.407260883851049,-0.620084330569684,-1.15830727128667
"TCGA.AX.A3G4",0.592475264540232,-0.0205942210265152,0.102115217228548,0.269276191000393,-0.411872070611276,-0.643885041698217,-0.72841080696256,-0.111555501938788,0.0620355687077835,0.470984005921144,0.498703756340477,0.118125585266791,-0.845732280817363,-0.182816655177177,-0.803841800142262
"TCGA.AX.A3G6",-0.987942225510748,-0.128711334452908,0.0698554866007214,-0.122303200665796,0.0886021931582467,0.519050372061702,0.674424854499168,-0.0882030036893328,-0.335667235195093,0.112957873748084,-0.478336496501961,0.306345339218486,0.547526741414567,0.117556386250112,0.304388384644151
"TCGA.AX.A3G7",0.135533915251101,-0.20233706595643,0.354469949407426,0.617230475263485,1.3875375549559,-0.598857579099107,0.096472202407025,0.480426956689987,-0.600133054708975,-0.548175380194153,0.953637789200949,-0.956024309614235,0.231994170388504,-0.440632018298529,0.505655176361997
"TCGA.AX.A3G8",-1.21513861592694,-1.97943454077542,1.58733789500452,1.51440026910367,-0.349591360948653,0.424075707630488,1.40090075123046,-1.27439923801747,-1.67410334663006,1.04771970374002,0.0208759113832668,1.07167599101675,1.02938752840608,-1.54361568370434,-1.02610060266832
"TCGA.AX.A3G9",-1.37724265247673,-0.14855101842352,-0.130605338768333,-0.287537824966584,1.15197865430165,1.07228725209766,1.6853759323839,-0.016735155953257,0.149998495217558,-1.11799510394991,-0.928539723836683,0.0439096711777092,0.914815303252993,0.382484840660273,1.50217606306768
"TCGA.AX.A3GB",0.87519678845503,-0.595722189540493,0.606655126518526,0.835662280099044,-0.117743454713309,-0.423411967355469,-0.588902924299308,-0.143712568525746,-0.155323908431783,-0.148276935922264,0.874468135033369,-0.0428340310274425,0.580332167547689,-0.95945287647459,-0.46697542326827
"TCGA.AX.A3GI",-1.52093406109088,0.631042261453884,-0.949753766271378,-0.677673178205369,1.17263278414086,0.537194483882339,0.361817007640904,1.16202995930127,0.375214327629547,-0.67873513217977,-0.102995940852924,-1.4041322014745,0.308584458032043,0.676986791175974,1.03741006809007
"TCGA.B5.A0JN",-0.714828443414684,0.297019991777115,-0.60957765916285,-0.603531712865918,-0.414652081045118,0.704250151496665,0.367087781060133,-0.0228758854639065,0.45322780720563,0.148374908532027,-1.1188925297806,0.0910251822305251,0.531343041999555,0.679797517015754,0.0983032504604588
"TCGA.B5.A0JR",-0.467046558168272,0.0257191406518325,0.00798976322684554,-0.161260212014635,0.198055115212903,0.714375068988058,0.387684896853417,0.0745390311024276,-0.15088479180389,-0.331861842516448,-0.0438057249957393,-0.100853249033776,-0.182980495364409,0.137057477787981,0.419646372445299
"TCGA.B5.A0K9",-0.649305021908964,-0.0321031623310377,-0.0752639232075273,-0.0909814154012184,-1.08128480606969,1.41853464037928,1.46500982287763,-0.781216588132089,-0.200087859900868,0.791295523630215,-1.24652139786783,1.1244636859645,0.842360036158236,0.129660936389558,-0.554000078567743
"TCGA.B5.A11R",-0.341099423712484,0.184349927758009,-0.467954378545123,-0.640753313788874,0.474249437948569,0.961541334427932,0.105220508044132,0.372377295162442,0.480346661262734,-0.885870630707228,-0.769883182158661,-0.0438429393471171,1.1774842983949,0.538647112229471,1.01305690964196
"TCGA.B5.A1MS",0.0816212134953961,0.624165644848824,-0.915995824696266,-0.704596180177201,-0.759518716746717,0.160871595856465,-0.391071079134626,0.39097155428117,1.06392805724319,0.0249306512970146,-0.651423829653164,-0.187033067624967,0.108938140839667,0.517901352714824,-0.248848751671186
"TCGA.B5.A1MW",-1.36593588695077,0.814264383095201,-0.957952420233982,-0.89702133969501,0.191204991334109,0.937463835823928,0.751722844875155,0.39725953886638,0.54052611374023,-0.307968155505658,-0.918207725939174,-0.124654107951353,0.171388346945548,0.902584195567462,0.694021493717586
"TCGA.B5.A3F9",0.327947185905445,0.185147780468316,-0.20098152462018,-0.2855807839034,0.336350559611161,0.071798076795591,-0.408569077974798,0.27628360248567,0.46347214124918,-0.779419412972153,-0.0818240321714346,-0.30028481325715,0.399398977886937,0.323869407195999,0.637643134615342
"TCGA.B5.A3FA",-0.567268417242796,-0.190494730800396,0.204992949083459,0.288385785878601,-0.399944629367445,0.177097511123812,0.498641399084573,-0.481661808759777,-0.484445537238405,0.597751771741366,-0.155425013753924,0.575708954707213,0.0991350520999107,-0.158195565315924,-0.497765180693739
"TCGA.B5.A3FB",-0.723658878773748,0.154322637140112,-0.386265139961284,-0.279270824699543,0.676065455000923,0.556619651796464,0.178488893918871,0.603319887152003,0.126400188508284,-0.491275886308705,-0.166559395827422,-0.752667047373163,1.03570848233509,0.191926999837925,0.725092981819232
"TCGA.B5.A3FC",0.344045688445839,-0.318726917406117,0.531864581644831,0.141058920133454,0.360336185815643,-0.268976533171684,-0.203134374335018,-0.329062719454175,-0.189099150278064,-0.44514607972577,0.361955551249068,-0.0777589385009895,-0.11198792952935,-0.0639201633638117,0.47918711044627
"TCGA.B5.A3FD",0.189283081717689,-0.780476110269592,0.715925237264722,0.6200855045559,-1.0809108498295,0.209522578025903,0.0231317605778535,-1.08951280385508,-0.406458641284944,0.811475327746773,-0.106168339386286,0.930193596405576,0.531957425712059,-0.731832232696538,-1.00718357981323
"TCGA.B5.A3FH",-0.507662851610857,0.646525046137384,-0.79965640343098,-0.459008899020419,1.61285777992306,0.520045683328287,0.103177251077857,1.32419179858207,0.408125752043952,-1.37749744642094,0.274184610726493,-1.41154457523847,0.90327537418686,0.356027575579916,1.36981683106813
"TCGA.B5.A3S1",-0.444526958547426,0.868947664790759,-0.644073153409577,-0.432771802325614,1.66280059305819,-0.604294352776453,-0.282295271203405,1.29066096471216,0.535867501158382,-1.26214126723686,0.448641148117796,-1.6395546271263,-0.312550479482229,0.666082467778792,1.48277503886961
"TCGA.B5.A5OC",0.713343417990291,1.18995088754107,-0.952412533639342,-1.00366082830856,0.992676933561724,-0.108842494106104,-0.580268442704791,1.07138922350321,0.913630953197214,-1.4751974422053,-0.283819815826061,-1.05498586963856,-0.352795905976627,1.28688073877875,1.5150602288539
"TCGA.B5.A5OD",0.538646484357064,-0.853467234355453,0.836783289818806,0.502070987882014,-1.9183022548004,0.0413650294765478,-0.0478656377713642,-1.33497501031157,-0.345617006031276,1.56162087476083,-0.265885606368079,1.47559872797739,0.399861837675219,-0.808610865843273,-1.66797792183831
"TCGA.B5.A5OE",-0.566237765042117,-0.938409873036422,0.804059998679774,0.512276681147941,-2.65039613166887,0.863266768290972,1.18835621620814,-2.06118377961348,-0.608203753317372,2.27988871223489,-1.3090571883046,2.61274884354084,0.677507727012976,-0.703580737092674,-2.09133450945923
"TCGA.BG.A0MK",0.78621848899243,-0.246160056327966,-0.0223591980247264,0.398086250689731,-0.694028513279662,0.340619073708442,-0.0833033647937494,-0.127703932649461,0.0913940584227455,0.329000426325014,0.0244339660538866,0.346983790831978,1.20828013858987,-0.471051911325195,-0.915564161625898
"TCGA.BG.A2AD",3.52940800232201,0.962862986069067,-0.312421599539816,-0.166247800170533,0.597588278931946,-3.2840113662051,-2.75026176680522,0.78883565417259,0.851334460559655,-0.5369847431799,2.07524107545489,-0.676294171740374,-2.82168819781377,0.103888812190414,-0.520247516014365
"TCGA.BG.A3EW",3.40830643432302,0.871336887176436,-0.348663100985362,-0.228090626061582,0.926463190913592,-3.22631987215577,-2.90268276682748,0.892483970590279,1.1159968365773,-0.928152702178087,2.16355689910288,-0.561321955933348,-2.93116567810532,-0.00567119832988265,-0.277442567828915
"TCGA.BG.A3EW.1",-0.672639982818398,0.904925936979081,-1.15376525600666,-1.18744776173322,-0.0968881104825919,1.07848906309021,0.232806030288899,0.500795456737684,0.844820925303403,-0.559812789374078,-1.36718597477451,0.0420824462050583,0.282663664392773,1.294357635886,0.719571283374934
"TCGA.BG.A3PP",2.45220093443331,0.783079235545658,-0.648290024567308,-0.543317725381092,1.08218002301054,-2.26560523190628,-2.65931663840021,1.08609388953132,1.36500256107489,-1.29346219656503,1.91160180576138,-0.782322530058055,-2.84036335983141,0.145042425729413,0.33281366376315
"TCGA.BG.A3PP.1",-0.271179183354314,0.358320854424317,-0.405298322029846,-0.555300016931119,1.08726261279225,-0.0126048254960589,-0.436905466543163,0.707379985448282,0.380151859296175,-0.993856471984837,-0.00625065191050263,-0.771326625698972,-0.629908316162369,0.680230166799787,1.10660773690991
"TCGA.BK.A139",-0.158971250558741,1.0069354584212,-0.834848101756992,-0.95738970020101,0.880165229624773,0.253787882817661,-0.395610919539218,0.94150949388053,0.866939604703986,-1.08669319638882,-0.323254187077952,-0.467533629519354,-0.673705443999658,0.939548438810947,1.29685622453582
"TCGA.BK.A13B",-0.647265133890124,0.0179709610788453,-0.0755714151402018,-0.25370659544263,0.660590563453591,0.988525106772252,0.941793363697174,0.0361188473646448,-0.13358795504057,-0.87383207535297,-0.556522065095683,0.036983642982051,0.694442841357668,0.296247055075114,0.854783042613031
"TCGA.BK.A4ZD",2.62081517379298,2.06930198558223,-1.8254747429698,-1.53539206699428,1.62154544549686,-2.23428440964934,-2.98844626150736,2.29627520572216,2.12448816020572,-2.09409533394889,1.41310356691509,-2.12863864669882,-2.66944784020124,1.53704595181687,1.23548372799198
"TCGA.BK.A4ZD.1",-0.990728172045867,1.14885496172455,-1.36765038489732,-1.48181153405718,1.71384168065508,0.824701660913723,0.437927773094056,1.25760708714036,1.13191257187605,-1.88826675762082,-0.622104213268111,-0.994231192557764,-0.264492602564483,1.51478303362731,2.09527804935897
"TCGA.BK.A56F",0.550430163848918,1.00771266994996,-1.07486943426486,-0.872761394509063,0.575462634846153,0.11423182100079,-0.782626772088514,1.08526127319393,1.2736425975965,-1.18356745616568,-0.103400194347392,-0.964777951049198,0.295146816331923,0.799735690474902,0.942893263078462
"TCGA.BK.A6W3",0.0686998012410712,0.906041083030147,-0.90042312160363,-1.13921400464477,-0.50377891432179,0.881644621482576,0.459492801814467,0.0964677075981217,0.663042788596508,-0.276249515299572,-1.33194845813201,0.379001075817626,0.848712714863464,1.22839610838602,0.550792514266275
"TCGA.BK.A6W4",1.4318425536555,1.20329558914265,-1.20222012061626,-0.992306885140932,0.589342968248877,-0.719387992902225,-1.17387938346593,1.15711864321124,1.39401572485161,-0.95840895893408,0.168794301289747,-1.10419200815878,-0.363889118966463,0.984357125305993,0.607206649404681
"TCGA.BS.A0V4",-0.141041424301121,-2.70520612178192,2.76240500865549,3.75007444430254,0.654748190955063,-1.54360635950804,0.88254194415095,-0.743143682535627,-3.20318546758349,1.33786648760032,3.03656761377009,-0.142612263848383,-0.0256672966856551,-3.44358617038713,-2.11568064257325
"TCGA.BS.A0V7",1.30982961069922,-1.71789135077733,2.19315730164243,3.45344850127083,1.54726081219414,-3.43323858374973,-1.55623061280017,0.830889929600426,-2.22598762437535,0.597902883639686,5.17589250820749,-1.80953307494519,-2.00726310441953,-3.4507160703611,-1.72993196726976
"TCGA.D1.A2G0",-1.03401235051591,-0.797927929979699,0.665912672341987,0.664761678873335,-0.310235207904584,0.609311866495096,1.66069005037826,-0.747055379535565,-0.848842079169858,0.735235738267011,-0.350366551061641,-0.0200774410444455,0.818636320425996,-0.766456705978673,-0.284115221760886
"TCGA.D1.A3DA",-0.339644952487455,0.419571530139812,-0.521752042869694,-0.429514744271458,0.631059944917899,0.276930760542418,0.42313824602587,0.563730522408848,0.290860259667119,-0.642412095687263,-0.520856503367445,-0.444428462432423,0.687352940515108,0.558131433396875,0.677849048997168
"TCGA.D1.A3DG",-0.561183679683246,-0.347308722179819,0.143069817455504,0.157036915592085,-0.944744936261738,0.038559245191548,-0.134291607009199,-0.598292167570499,-0.206070735355413,0.884985571031166,-0.430873239353108,0.364604966201529,-0.158797452774634,-0.267186132453898,-1.00107942447227
"TCGA.D1.A3DH",-1.02978316998922,-0.154623991489171,-0.0187941453913799,0.22666822666722,-0.225164512193768,0.0300751252310186,0.152134539802669,-0.0644388147178417,-0.220666197585414,0.491230630847458,0.119697860660886,0.123592661432872,-0.460299766729835,-0.237278073570866,-0.53520477192274
"TCGA.D1.A3JP",0.748692798945855,0.626310246581757,-0.511061419327875,-0.455197425252744,-0.183466078704845,-0.00208307729843956,0.146616185962392,0.302219427774414,0.662440399275813,-0.294594159203581,-0.768852401058128,-0.28220910392195,0.496367418725285,0.762815324689095,0.269696209472885
"TCGA.D1.A3JQ",0.600246955512713,0.241996300039539,-0.433554994106249,-0.577616519272923,-0.904939778705157,0.310941088177657,-0.434066906790789,-0.198872117256025,0.77579553560828,0.130228218537433,-0.719323800325766,0.514877054964542,0.546046791424387,0.357649637258435,-0.123748098816656
"TCGA.DF.A2KN",0.355648869725632,0.0308130895327392,0.0799888543544943,-0.017207174961485,-1.06046205698457,0.512744903041704,0.374884640760711,-0.694890108597906,-0.141038889148557,0.811764892752836,-0.63854380348488,0.637934994104131,0.555761793873561,0.116308901046672,-0.559755860595623
"TCGA.DF.A2KR",-0.517950439430016,-0.190896139074894,0.104260807978675,0.296861798662928,-0.041171872565168,0.69735311631928,1.00278084854505,-0.222899021243537,-0.419073334091308,0.22899745452002,-0.0359321090529479,0.218530686971443,0.757914627097461,-0.372563919274116,-0.26708413192788
"TCGA.DF.A2KU",-0.0159617731480771,-2.14803869523894,2.28836853866346,1.66495735771986,-1.68834980706399,0.232030280184832,0.683610097190148,-2.09554705121493,-1.94556781160574,1.77924535506206,0.26768898166662,1.86071015558363,0.4541293621041,-1.65247271394569,-1.58685599943912
"TCGA.DF.A2KV",-0.491934019327966,-1.1880832992495,1.17245787566758,1.07905853038989,-0.563371484081319,0.637645877849666,0.923711310175624,-1.08132020186187,-1.2301310027558,0.855575441154361,0.0157899913668733,0.984006684904835,1.45134009133297,-1.20539925463392,-0.707107530636946
"TCGA.DF.A2KY",-0.21142033087732,-1.53528840783193,1.78641063398011,1.27775579391433,-1.85383344962296,0.014684374770678,0.589699730397325,-2.253935673032,-1.82325378382482,2.39730283371164,0.00711616408705727,2.11438041009909,-0.712135081907859,-1.46929325136302,-2.13753702194687
"TCGA.DF.A2KZ",-0.0313820374114262,-0.558039051951506,0.864371945919574,1.08794840720062,0.620725313932666,-0.521033531102601,0.36438655478859,-0.136802443671006,-1.08371313523278,0.146735023478535,0.966476045558835,-0.0398332165938282,-0.333381881544594,-0.808932982384238,-0.312684184362597
"TCGA.DF.A2L0",-0.3935565014326,-3.02375169796277,2.9879529250564,2.92792456752837,-0.406162003753608,-0.394693470934413,0.821386995790611,-1.86420052729534,-3.13380206774302,1.71141064550227,1.53629532698299,1.23956355862592,0.72665803154337,-2.64453816855931,-1.80838151113746
"TCGA.DI.A1BU",-0.385940575901034,-0.27516089965044,0.267729370393766,0.469469095700396,0.611717855654687,0.0234086787122504,0.228107362240954,-0.0682695249278949,-0.320281882898903,-0.170723786121688,0.527636724975675,-0.551819626006217,-0.133476745390862,-0.376753101432321,0.225804024576131
"TCGA.DI.A1C3",1.3869298640656,-0.571321378786538,0.880915394664082,1.07747983766757,-0.84211939182195,-1.30421284863999,-1.26292303051901,-0.409050111393295,-0.250062496301803,0.59752192372584,1.42632239584458,0.401387341636077,-0.814100268131018,-1.16965802804428,-1.24060593816229
"TCGA.DI.A2QT",-0.494059989235791,-0.60710591415033,0.491280948536785,0.738980663593334,-0.0465177236331503,0.0536723144403778,0.734337758909315,-0.393147615303394,-0.697905324436569,0.512611630269389,0.0566733914065897,0.215592036857488,0.406746975652685,-0.693052084761324,-0.333033653495865
"TCGA.DI.A2QY",1.3577037508819,-0.0875864090542683,-0.0977332795947296,0.34413168560043,-0.0518767276217931,-0.7015010836903,-0.835380758801323,0.394965337606372,0.500111914468963,0.0265905212342013,0.901074256168024,-0.453890814199771,0.697828496698959,-0.651078295119117,-0.608897542682566
"TCGA.DI.A2QY.1",0.14078717374177,-0.894071691719018,0.782607920161641,0.980491215379988,-0.93351190819079,-0.437323490620325,-0.213281731991947,-0.767378585441139,-0.347264360056553,0.941357158153899,0.626481607844155,0.814737156915092,-0.00800863965836157,-1.14623845214474,-1.32867854139853
"TCGA.E6.A2P8",-0.030130513063414,0.608227211855617,-0.389488924166006,-0.448733371128045,0.489016167386364,-0.272288577168024,0.0172270865618528,0.45278866978907,0.105785555596347,-0.134409601212059,0.113165551438274,-0.694206946715021,-0.833471364704818,0.437041745639744,0.33645467106219
"TCGA.E6.A2P9",-0.699654632842459,0.474371643828108,-0.786825974320731,-0.793806179639666,0.630469501437594,1.26312467032627,0.161882897708547,0.742789031707586,0.64009942642759,-1.09416164404952,-0.3689348042085,-0.856505678999038,0.992824854930951,0.537754002291069,1.10800517087361
"TCGA.E6.A8L9",0.566749250380619,0.16253535429725,0.0284706294533212,-0.0139381101440909,-0.611003702506394,-0.553729912267095,-0.945763111673431,-0.034127316831279,0.241484432169991,0.353233298308352,0.163409262043064,0.0430075477952255,-0.626535649390797,-0.0983501455607074,-0.402923226053191
"TCGA.EO.A1Y7",-0.804295952923903,-0.950666229648414,0.558587548158677,0.41301074715799,-0.445239565796907,1.26052728248806,0.728748874615861,-0.688552225718714,-0.568566901613912,0.226975178248519,-0.40750552346654,0.698742071525026,1.40181878513779,-0.593365461284485,-0.219722602997901
"TCGA.EO.A22U",-1.11898352078958,0.0606648883987937,-0.218203938596991,-0.201263451414956,0.340876169372938,0.843072302079521,1.10341201410513,-0.0797785255513439,-0.0243589746591754,-0.236516335698219,-0.457672324695343,-0.196073624626637,0.185646726495466,0.277174900665556,0.492361632563306
"TCGA.EO.A22X",-0.532991604355147,0.249092131237342,-0.0159798206210548,-0.310798860049429,0.321163659320598,-0.0764498460288116,-0.0611281203791027,0.0101047872690399,-0.0241140572718609,-0.216916663071612,-0.0817883349908392,-0.228231122075182,-1.04985964655987,0.403384158364051,0.564913204681936
"TCGA.EO.A22Y",0.18071757545933,0.265594186582761,-0.443382786511396,-0.292500553287468,-0.31978799520201,0.396612083577493,-0.278296840202984,0.212306013331028,0.455510971050739,0.0550527393276611,-0.334138750225404,0.0946908627517939,0.354638749533824,0.121715405175106,-0.245713392099552
"TCGA.EO.A3AS",-0.167724668147992,0.942999559966897,-0.822064613224707,-0.37713659900679,1.13730231071248,-0.607893348167218,-0.474708823288774,1.37685460932947,0.535843119052571,-0.79578692215564,0.619936211696915,-1.46718180101552,-0.573094996876221,0.66283638175621,0.69995169161358
"TCGA.EO.A3AU",-0.379185391699678,1.08427272057484,-0.997225864001514,-0.826248198730234,0.915606043222545,0.0967930921036366,0.646652412173013,0.922920936688051,0.565150739830344,-0.82022753140162,-0.526653330619438,-0.893104078073522,-0.0927409885864138,1.13178765349981,1.06485094259395
"TCGA.EO.A3AV",-0.183714625630618,-0.436415905924899,0.86184775241358,0.621286868199525,-0.260802525103104,0.182299302301342,1.55757271177624,-0.940295283268686,-1.34372456271655,0.913030287671129,-0.425812242866466,0.810235891084504,0.465957040171185,-0.384976054973374,-0.249782388012148
"TCGA.EO.A3AY",-0.435276436246645,-2.43010883828141,2.58626026428656,2.25684326772923,-1.71188188946727,-0.0542348380535094,1.42038684288761,-2.52193084735056,-2.75934918392127,2.57538113129365,0.230130935916906,2.35134087130252,0.762864217322595,-1.98476624191011,-2.16221331275433
"TCGA.EO.A3AZ",0.428116621897178,-2.65040188457358,3.14449753472743,2.90186831394963,-1.70749428793716,-1.29516330155419,0.881773114812927,-2.59757356153219,-3.04582957309801,2.83386601606506,1.29361068140124,2.00973898990434,-0.552159439582729,-2.59267903703829,-2.74812479984604
"TCGA.EO.A3B0",-0.308745355479054,-0.128178461859824,0.0960929973062013,-0.103178252726813,-0.4210916878,0.469144847203848,0.339808039182143,-0.36972357383159,-0.153340508145115,0.39957854639399,-0.45118392139361,0.154370294721968,-0.210600282378006,0.158450461752919,-0.169935265349687
"TCGA.EO.A3B1",0.147873263159207,0.359801743087441,-0.110040878207082,-0.227536820086924,0.0797911565132887,-0.377232592976075,-0.321836661319942,0.199685233547308,0.0660463485694011,-0.0604037933520353,0.209840598993614,-0.221812667666305,-0.636941822126589,0.410655788617023,0.13820537650554
"TCGA.EO.A3KU",-0.252849249311923,0.771984653003883,-0.801826985116493,-0.636319169106485,0.865107557375187,-0.346504631797956,-0.486659186494008,1.06342461814195,0.795643839436652,-0.84449305624029,-0.0915207896313308,-1.09759276677931,-0.224073954070484,0.664052702335562,1.1088425014847
"TCGA.EO.A3KW",-0.155574892180218,0.3021034168243,-0.188460447778002,-0.659969638975309,-0.446340498190964,0.686265590287817,0.373439039525958,-0.322686957927212,0.225486637778935,0.0701642191214197,-1.12929057947106,0.498374400831072,0.569323684940153,0.69772232292507,0.417481897178599
"TCGA.EO.A3KX",-0.948139841659612,0.235862566796916,-0.422685724096278,-0.257587187549146,0.37832066989916,0.687765574194047,0.351683203160966,0.29684682913396,0.385539151190631,-0.393683553373443,-0.254283336846335,-0.265463203249968,0.364335337378012,0.0943329165941048,0.534729704528825
"TCGA.EO.A3L0",-0.172398652838145,-0.0768304875556986,-0.0149600404578262,-0.0857633007920512,-0.356794890105833,0.499797594893699,0.0791415360075121,-0.203588695033833,-0.0405657429738241,0.276417599259425,-0.49606317818897,0.522546828530638,0.457935385316936,0.0684825073029789,-0.138609465274824
"TCGA.EY.A1GL",-0.361565359881792,0.266036591533527,-0.141145339082089,0.140257937051878,0.322712865433731,-0.333371538583902,0.676864190026081,0.133353357239814,-0.0783712509072783,0.030968467127703,0.246455620500096,0.209596864790319,-0.616995290725906,-0.191109876905351,-0.296951334782972
"TCGA.EY.A1GO",-1.09452693276485,-0.0284465589961885,-0.0595029844203527,0.0716470378624364,0.393494286685828,0.275475029712383,0.292865439224215,0.185999537485998,-0.100148199809586,-0.0529759343550037,-0.028696761660851,-0.600899746344435,-0.167609060477041,-0.173557374349526,0.0926216303854786
"TCGA.EY.A1GP",0.486071266458962,0.649987843916137,-0.504746860317884,-0.453486899437761,-0.88140032626404,-0.465040758009638,-0.873903953630352,0.111572278930342,0.706269821009714,0.245908450929875,-0.15391873111316,0.0924060000040807,-1.10013690305929,0.446888356857549,-0.55482089839066
"TCGA.EY.A1GX",-1.30833515160587,-0.500343186078118,-0.149989516882219,0.0692040375735486,-0.206882872594045,1.76593036440082,1.10609612086869,-0.335622705812186,-0.213372250366982,0.187925596604949,-0.371597498680829,0.40834605661634,1.36657930297159,-0.570824730731035,-0.454336808331961
"TCGA.EY.A210",0.311898310791214,-0.747686612776355,0.934873073517045,0.508107540347672,-1.90963316623235,-0.27516808083291,-0.40953784722207,-1.3026390914703,-0.698863441625389,1.52025058509767,-0.120612914884508,1.52079513634036,-0.244172157628738,-0.787126435379388,-1.52772630470618
"TCGA.EY.A2ON",-0.408865662417393,0.17685328796501,-0.232170439846501,0.107688412901779,0.781894963342678,0.129628928931275,0.430126791523528,0.533515303269202,-0.342153599966885,-0.0863731303420976,0.0677485954686178,-0.575243491499787,0.238709806735821,0.109860150130332,0.363936682595089
"TCGA.EY.A2OO",0.0615335402501558,0.40798220637978,-0.62145910327857,0.0326769248265377,-0.630090802932101,-0.152938666444686,-0.252284317735403,0.462103472482228,0.393967067280898,0.753767276983454,0.190413265996819,-0.381977923518075,0.0201175946541767,-0.31347309963475,-1.11507223059183
"TCGA.EY.A2OP",-1.39462154147579,0.39323485552918,-0.559782579695313,-0.531682862451216,0.571859765966941,0.537633579215873,0.612099554004905,0.351358177555735,0.0740938483338331,-0.294307849059689,-0.631236942912846,-0.357447632937259,0.0419155044505923,0.608451763640755,0.70053136886666
"TCGA.EY.A2OQ",-0.569797599762289,0.765124777660552,-0.727899544032601,-0.637434943865375,0.617679838604354,-0.118520417881583,-0.352263089738647,0.77615787104485,0.480676663252349,-0.443555474119076,0.0625410714927885,-0.952755030527926,-0.524420069019443,0.637669511617173,0.59370345726095
"TCGA.EY.A3L3",-0.857874513086961,0.520009539888983,-0.848009811658488,-0.870550468891619,0.828003332748669,0.482339200248198,-0.432960368084221,0.945249196308766,0.920690372349222,-1.08128264088068,-0.194002017483469,-1.11876310951871,-0.236730952413961,0.734162453177614,1.1231527433584
"TCGA.EY.A3QX",-0.438047180898454,0.389377615917397,-0.428995894124934,-0.658685315012388,-0.136867970357526,0.9152376933457,0.963364717247643,-0.0336950393022792,0.249379298888203,-0.301973761873487,-1.36391826333681,0.3927578203031,0.852472263192366,0.965723683351192,0.713607063499334
"TCGA.EY.A4KR",-0.129975739899782,0.554084270887265,-0.285425086368359,-0.487472099230796,0.201586536616448,-0.134610865456073,0.287205729483527,0.200234610428881,0.194866622815659,-0.111572860111221,-0.439448628280913,-0.240052455067207,-0.0672690873070469,0.749030272483834,0.633259013679448
"TCGA.EY.A547",-0.54996043977961,-2.42655622561747,2.03291570314071,1.63127985485639,-2.24345070937131,0.286993981942329,0.759848178433919,-2.53667578851689,-1.49079668650323,2.33029919244048,-0.202546600443952,2.40244680343668,0.470053485055765,-1.69798984012727,-2.41753376672573
"TCGA.EY.A548",0.0653840562178643,-0.386178755145674,0.328416953901374,-0.0780943276155571,-0.477879613857843,0.912669579142823,0.315711316462268,-0.906702604612503,-0.0186755256313043,-0.109328975344757,-0.369940467055712,0.889387588583428,0.60350900840575,-0.0443413744545308,0.01896272116722
"TCGA.EY.A549",-0.122231621551773,0.331919785393041,-0.579767730761576,-0.468332642639865,-0.241292687434001,1.03158224614686,0.200992981373183,0.201759750705394,0.694857113167042,-0.416813242353954,-0.591899203901084,0.0363383796080076,1.23957626597026,0.204824285584876,0.269540719308839
"TCGA.EY.A54A",0.328597450597264,1.19160819270522,-1.12531263007468,-1.18526173665397,0.679410606682812,-0.0842840198808003,-0.32240279330958,1.16206418636999,1.16720696796449,-1.13381968601193,-0.701042100721516,-1.0391933667298,-0.0045124564140258,1.21643397421,1.36238950283356
"TCGA.EY.A5W2",-0.496378114498128,-1.55630685932909,1.4132184626188,0.963075318715072,-1.30427838304919,1.05880090512347,1.26691715527347,-1.83474931513009,-1.17843508544577,1.19260779659581,-0.695885531231663,1.79008706778577,0.87894259589503,-1.00889911499979,-1.03097447358838
"TCGA.EY.A72D",-0.794426318640987,0.488445018209309,-0.560482407359109,-0.638682421576091,-0.240912177899316,0.66523410506249,0.686585488820113,-0.0934197207397239,0.284385106001493,0.171718383784612,-0.776655504838444,0.325760441050178,-0.254109539786489,0.506924727604863,0.0217655027607974
"TCGA.FI.A2EY",-0.730309162625305,-1.48125401523954,1.35693265551933,2.14779952076609,0.0218822392579333,-0.644139395473805,0.583143941109593,-0.141069728930304,-1.61689067846178,1.33038553588357,1.65026059194261,-0.176843142340525,0.177180292779709,-2.25622284305419,-1.48446689774157
"TCGA.FI.A3PV",-0.312894778912807,-0.137044864044399,-0.241198925433625,0.0195169140057092,-0.0184384887890595,0.368755625095706,0.31796628404466,0.0616607495787674,0.150587931974899,0.0770502317966914,-0.218181766532123,-0.19917859035768,0.824996641995015,-0.0282467317579943,-0.169881481011046
"TCGA.FI.A3PX",-0.907456657146117,0.347176165450639,-0.549921922405382,-0.692860498581383,0.698862258015397,0.606858905341192,0.102291556833618,0.445522689918455,0.373328309194296,-0.698317410472864,-0.59552574923638,-0.303604497619075,0.0151046634790958,0.697744692015745,1.07806791459752
"TCGA.H5.A2HR",-0.874330854864185,-2.40823831187978,2.48349915329391,2.93903987542758,1.70190913787068,-1.42302646406509,0.483280072091332,-0.252069310337967,-2.63392279266459,0.490582239275116,2.7060363105849,-1.21471162522277,-0.0802489351521484,-2.72605584869496,-0.300490211612426
"TCGA.JU.AAVI",-0.272734289294164,-0.592490609414015,1.05811273547181,0.96055833540748,0.236221691848176,-0.591693820633849,0.400658160382106,-0.440478879149048,-1.06404263832051,0.50369678180728,0.839700433363762,-0.0118866221705759,-0.467843062199609,-0.901463228545093,-0.184811579653941
"TCGA.K6.A3WQ",-0.163892555776871,-0.068770037227965,0.0727702878070699,0.208254087262787,0.0557605162615735,-0.219680317337599,-0.35861655008876,0.160003029851803,0.102550169914722,-0.0418499282511451,0.344114025754846,0.0298738314588698,-0.280019728616271,-0.235743466724592,-0.106915868353321
"TCGA.KJ.A3U4",-0.229174659145252,0.777531501094318,-0.929941633181101,-1.08165131211395,-0.058234438715549,1.14748735806561,0.366528215405879,0.535625791379471,0.765747050420292,-0.500988226112176,-1.11989091963097,0.0306334145450492,0.817151362911365,0.92538459092368,0.912158127458022
"TCGA.KP.A3VZ",-0.566836365364575,0.219643991043536,-0.520890047046925,-0.545825702673154,0.216308665678443,0.0545474357171655,-0.344760090186168,0.492518515268971,0.762172503782743,-0.44299058238035,-0.471283177576928,-0.435526105607218,0.221015386607133,0.555213854769556,0.622618321918329
"TCGA.KP.A3W0",0.340155700433788,0.520538001845138,-0.271157188130255,-0.367111853256265,-0.178386374413424,-0.323039691790491,-0.253589163807278,0.167663616007278,0.325582562308125,0.1833252284098,0.110773848880443,-0.0385655967704902,-0.679894127482065,0.324064347145784,-0.0639896986823714
"TCGA.KP.A3W1",0.122711213463975,0.117050303579129,0.367537374815212,0.294607286975974,-0.0339287706491059,-0.143347876554517,0.622356361808992,-0.196441467044793,-0.74563058525438,0.543066390618332,0.159348572438124,0.173261544972403,-0.245670739911985,-0.192634655342818,-0.0446639635464187
"TCGA.KP.A3W3",0.284332630263187,-0.143158795760516,0.31617825782988,-0.0345803796793905,-0.125078869159198,-0.272444486639593,-0.407991574543647,-0.267467879766362,-0.00101486410145532,-0.0177017926044123,0.0245745490260984,0.373826082965796,-0.281022693407888,0.0148505435786111,0.0974212321323556
"TCGA.KP.A3W4",0.797743001798473,1.18309533514753,-1.05117997964667,-1.17850198471255,0.248700358813141,-0.186249335329645,-1.03235399994914,0.777148199661737,1.14587408453824,-0.86016889303387,-0.497296134286075,-0.405874849527767,-0.318500221410669,1.18275057621446,0.912586634571496
"TCGA.PG.A5BC",0.500380229581797,0.906587089377477,-0.942052124591416,-0.757186695746199,0.440976899977515,-0.588089329536995,-1.03558360277521,1.02279850990327,1.13285873134022,-0.831684144578492,-0.0577262967598693,-0.940305311991511,-0.399365757702385,0.864074889876546,0.703477874445172
"TCGA.PG.A6IB",0.249380112876931,-1.40432458408438,1.77341628487788,0.94436491404702,-1.94878627537875,-0.0742082803643542,0.427009296764949,-2.18540405365701,-1.29831718872587,1.88346130632077,-0.198827824238147,2.01955788209495,-0.451832098833708,-1.09367169152341,-1.4038688478732
"TCGA.PG.A7D5",0.234873307871516,0.0866490539177315,-0.272930853509281,-0.324810893104703,-0.982864353961017,0.00676826271101219,-0.536131193878777,-0.268860773167518,0.698512354144581,0.35325465839934,-0.63601424098267,0.381397946453271,0.319671936512743,0.232371352742776,-0.452820040905723
"TCGA.PG.A914",-0.287474081908596,0.0861884098724294,-0.0976018816657291,-0.166123472199051,-0.944935636020416,0.389126060423368,0.250345831463254,-0.401132487456421,0.0565853540203369,0.807772480135331,-0.468332849396091,0.715286018102305,0.15093792288598,-0.0505588097087476,-0.699920784323695
"TCGA.PG.A915",-0.724742288404986,0.204835389158674,-0.461870473419712,-0.429403450252146,-0.404306781814173,0.391108923164434,0.256108907243826,0.03495187780389,0.310226666729149,0.307695029507936,-0.54967063169981,0.283558002692794,0.0734903213214501,0.357758546592005,-0.143849599791399
"TCGA.PG.A916",0.0978579599610159,0.108711215963883,-0.387032235687862,-0.343554238560384,-0.0365476595680787,1.15285146967866,0.103585979954153,0.104115950837876,0.370310895128711,-0.463792364090343,-0.549919884547669,0.280839887544152,1.35757466032565,0.14098850490177,0.36822008528993
"TCGA.PG.A917",0.217530330565574,0.104913501539486,0.069646883645355,-0.0742757134803949,0.360662085342046,-0.064267129428189,-0.331987958805718,0.0374737746550578,-0.0272851146966659,-0.374302096001468,0.387433005465585,-0.217681801581056,-0.333799853820245,0.0176234384152095,0.312044870502718
"TCGA.QF.A5YS",-0.0401934450349136,-0.912984462501601,0.739467182335131,0.367725515795284,-2.17229645976061,0.786058668965025,0.742433059831339,-1.76092294142012,-0.214920602918674,1.23901784725355,-1.11707651152372,2.16015517382344,1.26646230433076,-0.563423987344047,-1.26647563430681
"TCGA.QF.A5YT",-0.661546684146808,-0.928264174700723,0.868018508064151,0.657414949341946,-0.721296947901494,0.423807386772188,0.753429922783134,-1.25521907274074,-0.637241355315382,0.679267675822498,-0.472068659459354,1.31014907291992,0.258432903862727,-0.457310170566795,-0.625447138183828
"TCGA.QS.A5YQ",0.304922935779043,-1.38355466475506,1.30419773086311,1.24589761148096,-1.11812170481505,0.265335841379751,0.338274928785338,-1.21616681476242,-0.887796837985994,0.964944449605475,0.367817640527343,1.20120378589401,1.03876276160547,-1.39820612510045,-1.19472094805348
"TCGA.QS.A5YR",0.643484041965031,-1.39946972201015,1.38955384526429,1.16547984671688,-1.55615797025006,0.324519902235344,0.345228129657877,-1.55470199941809,-0.963313258555129,1.35906671876229,-0.151557347044003,1.5838672025616,1.37613757443564,-1.28015588594365,-1.38587889683852
"TCGA.QS.A744",-0.888350684956533,0.946390881387363,-1.12084555938257,-1.01537298431929,-0.37303264494204,0.493018013923678,0.0444838279014076,0.388555784033723,0.977067993681722,0.00172623270365118,-0.983596917186463,0.179071707744646,-0.414837116627709,0.9445131254799,0.100903182252729
"TCGA.QS.A8F1",0.145218965156814,-2.54331152138816,2.49667416231863,3.3114880337303,0.0505944274836965,-2.31641702680176,-0.420232125947386,-0.633518240611256,-2.46432710451129,1.81677083133055,3.0552329751467,-0.23950296957078,-0.881812044788314,-2.98152933395456,-2.44650298783066
"TCGA.SJ.A6ZI",0.265096511279499,0.797938317267188,-0.71277699314808,-0.928186418852278,-0.716730439433402,0.854458171518733,0.515817740514751,-0.0206130578088897,0.602063474778649,0.0810434235915648,-1.17314559814153,0.318349644142294,0.868032708562339,0.930444962327635,0.252225731882771
"TCGA.SJ.A6ZJ",0.729782689713111,-1.24376008010257,1.10157399671086,0.921457026735818,-1.83769210493246,0.186446544450579,-0.123485339383461,-1.54653381832213,-0.481218453130024,1.27288734132669,-0.20329283412988,1.89662596872004,0.67132442686938,-1.14417780827303,-1.61881565954888
"TCGA.SL.A6J9",0.0174272093225286,-1.37850624379779,1.54066508839367,0.638050016165332,-2.54315856326278,0.852398215725175,0.968834067177253,-2.53078079128972,-1.2393141058691,2.04898418356675,-1.12322119010494,2.646105218763,0.68544948598857,-0.756149734482178,-1.59826523987126
"TCGA.SL.A6JA",-0.960273076288787,-1.0852045203606,0.582611941666865,0.499882406175909,-1.0480582247239,1.6336588271898,1.75788260853605,-1.34697059276232,-0.627747477418569,0.834789503987111,-1.06646398651905,1.57385541861122,1.34696023670588,-0.770022703566239,-1.02287875510323
