"","RAV188","RAV832","RAV579","RAV1166","RAV220","RAV1302","RAV834","RAV1008","RAV324","RAV868","RAV1575","RAV61","RAV833","RAV172","RAV517"
"TCGA.3L.AA1B",0.477027411575535,0.201412348536336,-0.24192341775393,-0.246920397181617,0.373381682575306,-0.227824496516437,-1.17334895666289,0.636384078393312,-0.958806468307656,-0.481168378202071,0.455709496454686,-0.333174647712464,-0.447432144581193,-0.919497414456384,1.41442112950684
"TCGA.4N.A93T",-1.46726628876152,-0.0132216580704443,1.23706492117628,0.712425099881798,-0.649554585853578,0.0794747930797796,-0.39171907370887,-1.35258833414681,1.09422061622832,0.589066893651179,-1.37735170265763,1.55587322618775,1.25590707014322,-1.12879142474214,0.554558329033593
"TCGA.4T.AA8H",-1.93086053839193,-0.420879049140439,1.59108127690072,0.631639314097312,-1.45916660766483,-0.428299339558843,0.667596511034269,-1.69580702641583,1.30170056006716,0.411399212142396,-1.80472731451307,2.37085135954262,1.35797489949323,-0.35490852169503,1.17047639567281
"TCGA.5M.AAT4",-0.44944575038081,0.651017023265059,0.262298436412224,1.27854083263712,-1.06797945812107,-0.0714085839677964,-0.422722455111547,-1.07185236764181,0.922548701566623,0.828524341015766,-1.02335520288729,0.909700483746301,0.340490266937649,-0.681006082213844,-0.0652903450043011
"TCGA.5M.AAT6",1.81255789131188,1.24628174087544,-2.02929019337811,-0.627380943544346,0.304830328075591,-2.7685147088729,0.320622577539456,0.312695504990731,-1.33578018788202,-1.10963696948286,0.712190517371836,-0.0290677191487329,-1.4369138075528,0.78722334993799,-1.39598593697728
"TCGA.5M.AATE",-0.533567092578342,0.92734133486618,0.380707074732125,0.946652239070603,-0.995999201684867,-0.912587487696871,-1.12999268781889,-1.0066715160509,0.0988582982680706,-0.115418346066969,-1.32530093851148,1.50723606623627,-0.239439989534158,-0.425714941060497,0.771882986177941
"TCGA.A6.2671",-0.441485930827479,-2.63500469759199,1.55425838756378,-1.79177611374962,1.78067705432066,1.97747227250853,0.456894795139817,1.42670916099774,-0.717610880374213,-1.23073092367985,0.875302218321,-1.24581087872077,0.235679466006922,-1.73150419655367,1.74213963814541
"TCGA.A6.2675",0.823490204019298,-2.3197261582341,0.50987499176026,-2.21950569960372,1.96942114600306,0.0900850499956603,-0.384350357316644,2.019263798291,-2.12653566607831,-2.59132537711868,1.07769014732231,-0.984663083278138,-1.50577064824278,-2.56248842540741,2.7445384196747
"TCGA.A6.2675.1",0.410672947944495,-0.295263214074479,-0.287180914560666,-0.701323477343708,0.757356495777889,-0.263693977541736,-0.496245941817621,0.920381353080797,-0.67813101008989,-0.950448237148691,0.841039695296682,-0.53285591589775,-0.83852493163983,0.350790365741255,0.559448647985282
"TCGA.A6.2678",-0.34950894761652,-2.77508426005174,1.47505289172702,-2.04156525615176,1.87001321138744,1.95383180030387,0.305450320768473,1.49521741051846,-1.06603641255052,-1.12105048785774,1.21275761438121,-1.46368362675763,0.235366319808141,-1.45422536562822,1.8541637978811
"TCGA.A6.2679",-0.319296703319666,-2.25389182124132,0.81752394265255,-1.8667977345581,1.63717760449095,0.997804309834856,1.14800285448634,1.08340196660631,-0.768009075530241,-1.24731052259876,1.02989415343321,-1.15586263598139,0.533104139845132,0.205529387789862,0.429125023441252
"TCGA.A6.2680",-0.461256195433276,-2.08375512370571,2.05002387437007,-2.11131818020707,2.05219558845655,3.9982599979005,0.0794852649762356,1.46589509254109,-1.25380649982002,-1.32140623223289,0.904746066345041,-1.26951566931655,-0.0261888523069958,-2.03853855829163,2.69332067311846
"TCGA.A6.2682",-0.881612487004555,-2.44474640252862,1.40893530250174,-1.61903738978028,1.25808294173676,1.71835348311005,1.08835376504597,0.764355120522104,-0.261195149628006,-0.492112937338539,0.810020623642972,-1.02586566230149,1.12079397082802,-0.053131779430464,0.63144191547308
"TCGA.A6.2682.1",0.597676544680809,0.620786495984035,-0.528721095857085,-0.0954684445694387,0.188914419851933,-0.195264770040626,-0.473724359257882,0.512956125883028,-0.310327972703654,0.012711435223802,0.403268665816451,-0.318298320346278,-0.319359308305174,-0.071776048077379,0.101837534695669
"TCGA.A6.2683",-0.865168133237924,-2.5219718307309,1.62285078591418,-1.61931091517458,1.27064414855516,2.33404732113413,0.76436631962955,0.980032421551169,-0.374682642997199,-0.437913548670685,0.829738932341566,-1.17689935368791,1.05924873748258,-0.543664424331152,1.0488555782321
"TCGA.A6.2684",-1.5376289345057,-2.52401730096554,2.13874690728178,-1.52187773622714,1.12316252123256,1.91506304911736,1.14188524652889,0.31008046119526,0.100236043608733,-0.503806278368229,0.226729485989111,-0.343186077738711,1.40471742645808,-0.274581693400369,0.755885947368065
"TCGA.A6.2684.1",1.13717303812793,0.487107698841279,-1.13761316617397,-0.256562739246982,0.714916288474515,-0.700300018564958,-0.956495479545277,0.68646940921096,-0.640548415582515,-0.683769871588912,0.92315615076456,-0.896868684309585,-0.961836302612734,-0.051257513793622,-0.349764874222508
"TCGA.A6.2685",-0.773451087840462,-2.70928630256268,1.54277011661802,-1.48623201508585,1.11585448274779,2.07371840809406,1.05619844768221,0.982375301440948,-0.231277113314864,-0.465250258376883,0.731137065130051,-1.10967869943153,0.973408986551437,-0.527002086953579,1.05078961076553
"TCGA.A6.2685.1",1.33345820168308,-0.331849179136802,-0.886264133312689,-1.10897499478239,1.66861353664968,-0.132235807542275,-0.768532378271036,1.6430906004798,-1.26233164257411,-1.41281283236219,1.56664077887875,-1.60103613274893,-1.21833303863039,-0.882197258104501,0.634219025081454
"TCGA.A6.2686",-0.742443270237412,-2.56478226296202,1.69630316375533,-1.73485415940149,1.49700844341908,2.42893600988595,0.50222344246385,1.26689752597318,-0.503436485871349,-0.698171156715921,0.897443819464846,-1.26472838479351,0.762334303133187,-1.29648991791543,1.56332676058766
"TCGA.A6.2686.1",0.76627887676453,0.602259897406227,-0.880360287358675,-0.413227582729265,0.708386700202876,-0.655685787336875,0.969421630437363,0.00047788694379868,-0.27095188475634,-0.0140738178207737,0.577119546444934,-0.533355315192468,-0.131032213509486,1.17507115780818,-1.39218332151282
"TCGA.A6.4105",0.625612384870683,0.665561382741285,-0.958817624210876,0.0180190077141712,0.0511213768405909,-0.765787689224649,-0.0352512319288837,0.0570297531499558,-0.384538087057395,-0.269733303091799,0.308390449721434,-0.320689101155746,-0.479654246264216,1.34245922255087,-1.09165202911228
"TCGA.A6.5656",-0.847300577425922,0.478537252922336,0.848403057828733,1.00684781095374,-0.735561396896499,-0.123828985078931,-1.06912497915895,-0.951124235524397,0.5329674496056,0.270534588187612,-1.16862475713849,1.30839376172095,0.182819275698575,-0.702858377443243,0.982079706640643
"TCGA.A6.5657",1.92375840899749,0.426708291076857,-1.71322435792052,-0.333071795054388,0.992003933924198,-0.424184216807465,-0.739034466837168,1.29816579387364,-0.925326023845317,-0.556779063509918,1.49324026766411,-1.79654544243044,-1.21488294263681,-0.601173519626665,-0.617683483166167
"TCGA.A6.5659",-1.06355278069892,-2.39755842186607,1.63633867256313,-1.98838315928517,0.902115892116093,-0.248419657400049,0.705536211488308,0.425239547768885,-0.850693514348585,-1.92704293495827,-0.158940021438877,0.75409124138439,0.240747252171263,-0.126715856620278,1.77772695819676
"TCGA.A6.5659.1",0.335246994962121,0.606956477534335,-0.0615465194002113,0.560330911391035,-0.129446654628371,0.141436665056815,-1.66957486261195,0.0748621489951673,-0.204798726998248,0.245538906997628,-0.150980823308757,-0.115571415551302,-0.556568429151933,-0.852041709568173,0.438106424753043
"TCGA.A6.5660",-0.0269654731076413,0.668801387365986,0.0849324541506476,0.723615217617407,-0.306112981524061,0.324353966862424,-1.40350476700402,-0.064552912092714,0.328052642892949,0.468679112770458,-0.146894192415494,0.036143482067353,-0.155026076323563,-0.386743183912491,0.149799293572449
"TCGA.A6.5661",-0.994570313420246,-0.18204066450781,0.420319605463202,0.116762049414102,-1.28583375641601,-0.949031177362271,1.89430281506952,-1.21675508275206,0.886340863896186,-0.0537100328494795,-1.13694915176235,1.78455792980075,0.701376260054778,1.41014558530868,-0.432336590221657
"TCGA.A6.5662",0.762296052680848,-2.27917266983414,0.551219493184085,-2.36795296760967,2.23221724884579,0.241121386022532,-0.238943780099478,1.88478308070817,-2.09205528503486,-2.40905630970979,1.28207432681284,-1.27948748570325,-0.96137895977788,-1.94227117780767,2.14594924918689
"TCGA.A6.5662.1",0.138910365741129,0.542347326859326,0.252710683677966,0.592680906423153,-0.15763293687407,0.340928330144152,-1.72809461548247,0.220116320583935,-0.130637664281713,0.0873276731363677,-0.216904310018231,0.225964018477752,-0.535530270687235,-1.4734856331421,1.14488317294682
"TCGA.A6.5664",1.55030513242154,0.229948032620217,-1.46107757695643,-0.812585345680771,1.03418477622307,-0.812353105696922,-0.329639815128871,1.43826562188516,-1.33511628684692,-1.19956629008008,1.32663134314689,-1.29896879465156,-0.964779729131922,0.0498742104847122,0.269598276532867
"TCGA.A6.5665",-0.921867692860084,-2.80979798576564,1.70402492980716,-2.02308937933626,1.23975519738793,0.897208085357332,0.824883788207237,0.91683224112564,-0.725888582694982,-1.58569858940861,0.486955309175679,-0.1844128662281,0.490378773662064,-0.394344287522879,1.78765256804494
"TCGA.A6.5665.1",-0.9971448637412,-0.119903095073359,0.370962315746358,0.545317349099957,-1.14979247243076,0.0994677937864757,2.52989999565531,-1.31289734915487,1.5456958927604,1.28419450642015,-0.845166720620549,0.98757574048904,1.58592125503987,1.12169510181128,-1.51792044367712
"TCGA.A6.5666",-0.797889001099727,1.15814536646228,0.65535972145423,1.43525081651038,-1.35553147244645,0.0112685586577063,-0.863226055439968,-1.13697139703858,0.70000998744844,1.08955056345652,-1.4635172476694,1.33133597381377,0.616732265778782,-0.585662389466738,0.22397106735495
"TCGA.A6.5667",-0.67496217249203,-2.713937060692,1.53604121485124,-1.77995258329004,1.37407314927273,1.21908608342727,0.820583346245044,0.934469901367142,-0.671470960630059,-1.08885084294582,0.727838413507722,-0.71536024322229,0.50464279443995,-0.821952285011721,1.56073046924744
"TCGA.A6.5667.1",0.309183997368372,0.168357078642424,0.0247879127978767,0.507994580054696,-0.0801015375434705,0.251086463840985,-1.15798840997953,0.238490106362061,-0.211352322642177,-0.0756575406422933,-0.120880011597204,-0.170616751689067,-0.667766785013028,-0.787251815529358,0.517150412945212
"TCGA.A6.6137",-0.500003817784497,-0.396889829367515,0.305320351143834,0.0173744859458064,-0.0283684074278597,0.421456457837731,0.0278010964439831,0.0989994929240476,0.237385702290864,0.0877208674118287,0.090355603649778,-0.0818856836856038,0.645583940754823,0.736404004835386,0.335837193418876
"TCGA.A6.6138",0.82085520000398,0.628534919046216,-1.26991600831681,-0.0694472747439283,0.39316517399501,-0.80524220113277,-0.34146851252222,0.4381202781679,-0.539715931788163,-0.366946997494409,0.665256948740699,-0.675799579254485,-0.762898529791928,1.90499909691682,-1.22676641653618
"TCGA.A6.6140",-1.00050546574692,-0.0714629054597856,0.715482915941841,0.907849780932458,-0.815412709970034,0.729509750412057,-0.190354085952319,-0.655151196867397,0.818279466253184,0.608276581341049,-0.782881483741123,0.574203087000776,0.779277588602995,0.527337429705846,0.0907762982748707
"TCGA.A6.6141",-0.246123287651757,0.0500616369129381,0.00561154127636525,-0.17062784944772,-0.107053187020861,-0.731843115624356,0.32304387249112,-0.136308575436123,-0.10358141245039,-0.187870466026277,-0.208155493411359,0.385860776565588,0.366865080255758,0.564258086482784,-0.0267292637606729
"TCGA.A6.6142",0.833139161233427,1.05353344189208,-0.756881172615713,0.248826932713578,0.263077449402702,-0.906520006239575,-1.27088571622072,0.608463400863799,-0.539824140603369,-0.939983408894765,0.297309070816063,-0.0165310240204579,-1.56413625165653,0.0719835927169102,0.389180979524507
"TCGA.A6.6648",-0.461286443272409,-0.770029577465883,0.497487244490973,0.480313564584454,-0.465424504762326,1.84702961926063,0.185592894819638,0.214633872899665,0.486009319949977,1.2381461446346,0.110352283441654,-0.857602192045493,1.10861271992987,0.0717253333953729,0.257075863016051
"TCGA.A6.6649",0.92474565677668,-0.735293433691032,-0.769422168037544,-0.790001865421773,0.854664383663781,0.760426767075165,0.475068889565372,1.32300960816564,-0.381264496836307,-0.174105551769012,1.46660515435481,-1.60927708267384,0.0732147595360166,-0.274241791383681,0.492041130891547
"TCGA.A6.6650",-1.14952612863574,-0.119264547783782,0.992971593747606,1.101597149753,-0.972804700168139,1.08880610194634,-0.586913822295927,-0.792099478908075,0.993428615223706,1.0336413301494,-0.889003279548744,0.562526552979564,0.871690477418046,0.295487011171604,0.202291276230876
"TCGA.A6.6651",2.64554414851358,0.374713532507476,-1.87390506491351,-1.23281521520671,2.04576805017403,-1.18914634036028,-1.84244560932635,2.11087075666038,-2.70714447847554,-2.01263922070274,1.96534782381498,-2.15076597968548,-2.5011894084178,-0.781452329778764,0.640618863322998
"TCGA.A6.6652",-0.47757877510732,0.835383191515291,0.296405665505691,1.30685366468882,-1.09726684172955,-0.200651948394987,-1.05419619710269,-0.838473621016588,0.592997705462111,0.548448937565082,-1.02092090703253,1.15289351980911,0.0356330029591181,-0.463654312162631,0.789485146177198
"TCGA.A6.6653",-0.507351542331022,0.24666779990036,-0.0867198591136144,0.55702542069334,-0.758663990565476,0.140936361644639,1.88323250461749,-0.665808313615775,1.06967001323627,0.504422642885271,-0.629970714731972,0.604511502910495,0.424070136407788,1.37535314991244,-1.01419903881421
"TCGA.A6.6654",1.95122353261526,0.61989446910754,-2.02186638960013,-0.72009793580423,1.14772209074416,-1.47604735590435,-0.766981270868033,1.33000014785347,-1.37498200554161,-1.30508149073348,1.62121060472528,-1.38977559501852,-1.99015724735132,1.18090486235145,-0.815946374621452
"TCGA.A6.6780",-0.395987009966106,0.721878288682937,-0.31332762590277,0.203608280415802,-0.486911575784237,-0.492077025797506,1.76461972822742,-1.19545174970464,0.620862764382057,0.96905490384301,-0.467157417968155,0.387986812677582,0.657318479619373,2.39344763776697,-2.49842011870449
"TCGA.A6.6781",2.05387170989763,0.776100496429658,-2.12100200457206,-0.91259309828509,1.08678322236404,-1.52137786348351,0.459923304185814,1.34383069741691,-1.22397182153292,-0.878485629878819,1.55059504803229,-1.15121208683406,-1.58365026089267,0.631615305935848,-1.22623409477933
"TCGA.A6.6782",1.01919936997755,0.57036322113238,-0.820187510509564,-0.328252300338418,1.13151817657403,-0.305749381095811,-1.61692022211033,0.985377530698217,-0.885889662128333,-0.764902420920675,1.14348998929089,-1.02916558102169,-0.896153866234344,-0.425200752637216,0.311608718767644
"TCGA.A6.A565",0.899973025650469,-1.19255744733127,-0.975479745321044,-1.35624429246916,1.19101242372738,-0.032987814278512,0.807017908847884,1.20750547565556,-0.818057906880098,-0.586380662506277,1.72199618321713,-1.55189435763533,0.0695864224735699,0.982221157600493,-0.295091965856253
"TCGA.A6.A566",1.61698933647948,0.596447134819142,-1.68035503065666,-0.874605373264286,0.965225759694664,-1.75065156398156,-0.218746391604841,0.927825561865279,-1.36504767493476,-1.37017150501168,1.31923707960727,-0.74926205023163,-2.10121582231135,1.27402031277019,-0.852384465330123
"TCGA.A6.A567",-0.284452215014714,0.448262342273445,0.396322050098952,0.286468547759877,-0.79452382800593,-1.99906269790028,-1.1925016415408,-0.682892376580288,-0.490148280855157,-1.116073036606,-1.27511189573818,1.990070468713,-0.844053385762317,-0.685580027057244,1.59998600695394
"TCGA.A6.A56B",0.103924592841904,0.977194413371307,-0.0516473120660007,0.477397525768906,-0.955812580634912,-3.07519351355454,-1.37975196274597,-1.10477213315385,-0.973762424616359,-1.38064443623748,-1.5111778642517,2.33983351928765,-1.88767044151952,-0.186865947330304,1.15915231076274
"TCGA.A6.A5ZU",0.0447283734703945,1.02085784562712,-0.189900735811569,-0.0552248322788912,-0.354839676245323,-3.00515625302343,-1.34312045743709,-0.508509817528117,-0.894586698627769,-1.81998656067365,-0.871110715046119,1.94960574773711,-1.79189568399634,1.16802882647102,0.808251894624092
"TCGA.AA.3489",1.06159031997561,-1.55771831475975,-0.301311045765348,-2.1364999123773,2.02278544583531,-0.221403346576242,0.285323665321975,1.61874435278466,-1.7818214828941,-1.83457254713903,1.26137354567255,-1.31888980106356,-0.450280083910144,-1.19190109622717,0.590627308376988
"TCGA.AA.3489.1",2.23807898102737,0.663854895258111,-2.27871419514745,-0.964773456821563,1.70627345401322,-1.41886931708635,-1.47117353540131,1.63101717745097,-1.89094544692518,-1.14458323397691,2.13821263768376,-2.05112690962675,-1.87662948002945,0.606351226469337,-0.769701373214853
"TCGA.AA.3492",-0.769835277364337,0.415533724535616,0.338606959961419,0.524094777543989,-0.48497726596204,0.586788202034248,1.44479496405173,-0.979183154796889,1.11946462728349,0.938111797304549,-0.671299586875423,0.46638079921637,0.810235219102535,0.8768146175527,-1.19539293506892
"TCGA.AA.3495",-0.647258505028318,0.0133019782838947,0.338912496347889,0.336663530590335,-0.286528521779306,0.438553500747524,0.285591700390773,-0.37411644751364,0.63139326976758,0.47383353032336,-0.324137544070034,0.171418512694267,0.890534733649738,0.568676353578973,-0.3896678722399
"TCGA.AA.3496",0.898325658342588,-1.9143804533956,0.35203370723257,-2.39915765542431,2.18304664676804,-0.506648042858147,-0.417425028335566,1.77931442924591,-2.40029917827226,-2.91007472384623,0.964670483763403,-0.8024624405038,-1.46705085757267,-2.1110165155402,2.22684436584988
"TCGA.AA.3496.1",0.737288136858325,0.54819469680356,-0.968001804441091,-0.0153710076770851,0.341753034916555,-0.645394069102651,-0.520129991808912,0.372941177326712,-0.681896371976681,-0.0562129405671614,0.640306664561852,-0.645805986217835,-0.504651793992541,0.930672249277138,-0.530429622549937
"TCGA.AA.3502",-1.15568045003663,-0.244080347669736,0.942335333435113,0.173924977237262,-0.716915459984598,0.312806363096413,1.10329354300744,-0.867521726450607,0.911337896919153,0.912903904512835,-0.791886184851435,0.86424369977881,1.5012733811474,0.218508647714101,-0.130441836535009
"TCGA.AA.3506",-0.145163199914108,0.217887234891051,0.00253076669211063,-0.00321110527203926,0.207127786910616,0.755448888133623,0.254640984472761,0.155742339337755,0.114413856017505,0.140074528847528,0.197095587232354,-0.46674489254994,0.614177726881809,0.424096911564801,-0.0892457994589772
"TCGA.AA.3509",-0.0956671299859384,0.414801472070926,-0.118952050005404,0.449642694154454,-0.180588157837573,0.387769034620718,-0.622700969584374,-0.083538242436672,0.27949105337704,0.391262011445485,-0.00417720691826996,-0.199253052861903,0.446280093381814,0.355684815050424,-0.0718258819191621
"TCGA.AA.3511",-0.235693518977048,-2.37389884955966,0.954395827559061,-1.79703172218652,1.31252630788252,0.671156711118471,0.754289348636309,1.14868138648141,-1.00084199017966,-0.965695197090113,0.969313641753718,-1.15475026897591,0.592875913227929,-0.162657569670268,0.950790726442537
"TCGA.AA.3511.1",0.0926129852983414,-0.123810665614684,-0.028647732654626,0.0121877985968966,0.160653801410005,0.456460327086172,-0.677965644107244,0.417563021106632,-0.014561286978553,-0.0225967605379844,0.355699855389901,-0.393632008379817,-0.357388765218855,-0.235014401449052,0.374419784598471
"TCGA.AA.3514",-1.01990290678489,-2.40206712243151,1.34693785123859,-1.45102251233701,0.865002570175841,1.70377557331167,1.64120681557243,0.485272098987638,0.0541113445278747,-0.372388160721516,0.507580769278152,-0.768302933378132,1.2731785433129,0.8025661818597,-0.0430903446186942
"TCGA.AA.3516",-0.702751898590698,-2.9861557328393,1.61969937496588,-2.04908440776731,1.68377791049943,1.85718263889978,1.00394129620203,1.31115996432661,-0.526307446334676,-1.32774632834334,0.86731875322138,-0.93520715356838,0.61097312215689,-0.588161060952126,1.37403480978833
"TCGA.AA.3517",-0.275121648410273,-2.49543278104119,0.954083311183539,-1.93453294797479,1.87563413054835,1.75990529443907,0.700538374650881,1.40523111243001,-0.719857399009066,-0.793600322089395,1.41985956734374,-1.78559456628871,0.797138565503746,-0.49722692293704,0.568122100159469
"TCGA.AA.3518",-0.661900008206561,-2.61480405877633,1.70006172753706,-1.93412478133866,1.72347749606429,1.81272862715117,0.315549704256721,1.33189408113799,-0.85698029602467,-1.35904444184136,0.858676988469941,-0.952195791443358,0.356486874045572,-1.36068516402559,2.00843821326865
"TCGA.AA.3520",-0.69357881521573,-2.68536797263737,1.49265609786708,-1.71751817477358,1.55001816439019,2.37565472716205,0.785491421716116,1.29290023796078,-0.395910443445899,-0.515836749622506,1.1684769213119,-1.5713788685932,1.00045185688625,-0.597099811187355,0.938168878842005
"TCGA.AA.3522",-0.852496343472224,-2.74610254626601,1.75888629682974,-1.68605873288991,1.37673340806286,2.40524208786288,0.599846124568857,1.09807663749538,-0.412131925135609,-0.370682943776732,0.982473058618322,-1.37375992259694,0.987827292862078,-0.890224040268776,1.25324176069163
"TCGA.AA.3525",-0.781883339824352,-2.1004046017941,0.85433014581746,-1.63417852396455,1.09068617202973,0.488503633523194,1.5139756841819,0.359339708819443,-0.255071659885406,-0.733399019448401,0.588940245986736,-0.579510255764368,1.17238079331329,1.13024001629995,-0.291658798276115
"TCGA.AA.3526",0.129699257340928,0.897457694880803,-0.506838279051443,0.464925001071732,-0.358232778528501,-0.0359283618692306,0.146332450848999,-0.271574589513311,0.306530253529705,0.657331568282615,-0.0168705576308658,-0.0794024719188143,0.57831424361627,0.702960921863127,-1.17847417997361
"TCGA.AA.3527",-0.253350430080648,-2.51858926897921,1.02307170010128,-1.82220564868155,1.71615418620901,2.13387406460531,0.642221272368257,1.53036657843895,-0.675237208005873,-0.768884772334823,1.29377779318616,-1.70796878282213,0.696805559458261,-0.808418138213521,1.03620192713237
"TCGA.AA.3531",-0.895714024838842,-2.85857336938408,1.71676678267191,-2.02632023435249,1.53660065365312,2.2262999135679,1.05230996361607,1.23213915848387,-0.336889134505476,-0.785190084563004,0.90234509105086,-1.15779437715603,0.943877368802362,-0.543992235310403,1.29731382379447
"TCGA.AA.3534",-0.600026041912525,-2.33078234030969,1.2280181936885,-1.76030820651287,1.4487467427885,1.06833848975589,0.741673579545654,0.885482407039683,-0.76048388127841,-1.05315465712039,0.801702804560154,-0.902402891581403,0.594187343401946,-0.267789745690302,1.03133162148853
"TCGA.AA.3655",-0.167853720910175,-2.23858214954,1.2598338271322,-1.87072199446936,1.7347451034986,1.19588573264126,0.465071601295432,1.16948204042761,-1.02867416238606,-1.15555167358799,0.809522118973425,-1.09439650556751,0.378166405436581,-1.61798086533901,1.23443753504328
"TCGA.AA.3655.1",-0.036865297593271,0.259430427019707,-0.314613350717368,0.321322572751902,-0.459768666583822,-0.257616875252523,0.438161584552981,-0.107043105766481,0.429268722727608,0.498377018283611,0.0625213065637315,0.107246241481154,0.0581987645898602,0.73010339440032,-0.492836652245108
"TCGA.AA.3660",-1.13313967084977,-2.33141684170766,1.83955113791091,-1.57681258224687,1.10309779087101,0.9621511791669,1.06510691397275,0.401061843709461,-0.296412312155786,-0.904304279100996,0.168029059507958,-0.132094455901294,1.03740236189848,-0.538554059740654,0.922654941460835
"TCGA.AA.3660.1",-0.281057205097203,0.236767759396812,0.2199105736361,0.442175872743686,-0.350176221050612,0.225612397097979,-0.0777999801550859,-0.200879707126483,0.359946498704029,0.355151586302211,-0.267638316577624,0.115576573759204,0.404832021480388,-0.0512679401395973,0.248773178234433
"TCGA.AA.3662",-0.259092588176806,-2.39156554992825,1.29932115443704,-2.03051535085055,1.7883397879958,0.76781853457443,0.421241420684805,1.20596523544185,-1.29169258211202,-1.4104100714797,0.829398745977211,-0.78831152800661,0.185282807329158,-1.44606416126574,1.84012865334136
"TCGA.AA.3662.1",0.190827250484123,0.334359478233826,-0.39935178471012,0.194063467597739,0.123309280019343,-0.355265146024728,0.00157515179232413,-0.0743252720633271,-0.0595028867593356,-0.238209004306564,0.204831352584133,-0.091350359692987,-0.133350649989649,0.608310025365616,0.132359649153499
"TCGA.AA.3663",0.501942334421233,-2.11039876315713,0.57266674106185,-2.23420215152684,2.13124657385744,0.0973867519050393,-0.101134508277616,1.63531568902119,-1.89038827489432,-2.32103359858684,1.0786660208469,-1.11571123584285,-0.81493243898681,-1.63510955910235,1.84863875631426
"TCGA.AA.3663.1",-0.661362211636049,0.545514877600601,0.129225783514152,0.379667938615416,-0.88890104743665,-0.105428317597653,1.81661412528928,-1.17729748927626,0.933438711878888,1.00504598044592,-0.955614987979281,0.931399297262521,1.05125027566193,0.878721067829774,-1.35420749684876
"TCGA.AA.3675",-0.300709434600273,0.538455777627758,-0.0316896227801278,0.60976879935996,-0.618378008235446,0.445859833832296,-0.254152769788387,-0.370790467539692,0.63974739606726,1.09439287431494,-0.267744848615891,0.17536354994038,0.689097303361338,-0.233054060042083,-0.583807915678444
"TCGA.AA.3685",-0.0828124988708945,0.712446832730706,-0.281290500521944,0.341125403630237,0.0473920828979262,0.0268310593165524,0.0166730603170143,-0.400943034828989,0.434501610172994,0.533503638817542,-0.120593184311909,-0.16305386940238,0.788320350655255,0.562094040189377,-1.45774332642325
"TCGA.AA.3697",0.489434270342524,-1.81833552154734,-0.168949241924481,-1.70965430697965,1.74509377075186,0.610908070519345,0.907835092591095,1.31979344218829,-0.833215527779833,-1.15290106247056,1.34331969030512,-1.62775229844584,0.150726955159049,-0.242711579638302,-0.0437088077020659
"TCGA.AA.3697.1",-0.591237810520827,0.185186780658991,0.133589766597972,0.462488298015109,-0.537823592851797,-0.511220226591467,0.222229202863989,-0.828160230592424,0.44676177349558,-0.0895326864689811,-0.777528204175838,0.824977341106958,0.276120290172739,1.03400068116812,-0.469707112808927
"TCGA.AA.3712",-0.786973929572565,-2.69419926856646,1.60294217844734,-1.8696499494933,1.36044547148527,1.18680660777337,0.803515199316655,0.852030980050321,-0.741660477750604,-1.02910499268207,0.692547624762522,-0.632307995415771,0.515400178291457,-0.597532920760942,1.6126227502597
"TCGA.AA.3712.1",0.0265114802019926,0.406253494802422,-0.186906587517324,0.671473892915799,-0.464842860990276,0.318320143906992,-0.561416493339052,-0.112520680757438,0.300693799170334,0.325042594161979,0.00139893093511529,-0.0653758108107511,-0.282867854643237,0.464453589160508,-0.110597267239407
"TCGA.AA.3713",-0.60882536055563,-1.85849135850978,1.29364725521711,-1.62970054248579,1.351861345414,1.15036294554756,0.672722597923273,0.481528207129192,-0.513155787256533,-0.856319312502827,0.330258008625189,-0.553304636963456,0.895300871377678,-1.02391868965194,0.40770680795236
"TCGA.AA.3713.1",-0.160307963202981,-0.863882886165411,-0.243566058964898,-0.484603018761649,-0.0379440663855192,0.376473262900699,1.82609820643242,-0.0506805456450308,0.334802881339365,0.407172755131118,0.517771121953892,-0.526129469143433,0.574236807545423,1.5225507657596,-0.785964472374454
"TCGA.AA.A01P",1.71354038416051,0.847165806285197,-2.25652886830382,-0.587466823077339,0.570559876703091,-1.75943362422187,1.35179427424547,0.379400041674983,-0.549282945098354,-0.436904632730452,1.17867660361718,-0.7535613504562,-0.824397884735941,1.62126601769756,-2.42411456075619
"TCGA.AA.A01X",0.0441365298252075,0.303085008607133,0.145426708552299,0.235516873100757,-0.172511756809297,-0.143094133261007,-0.877209545986753,-0.0516392053957028,-0.236046897343157,0.0354360966129087,-0.221089252512761,0.269409500821266,-0.127250139971395,-1.23003209497746,1.014700996251
"TCGA.AA.A01Z",-1.28377683783592,0.298889317843445,0.878289921757994,1.36905574700312,-1.25354919492588,0.37253184003661,-0.122675860221484,-1.49402180738313,1.5807669732314,1.18131750676585,-1.46037244407942,1.27109947479227,0.840415441227503,-0.428588379399699,-0.472308487195794
"TCGA.AA.A02K",-0.835649408462403,0.702461104712652,0.734151054712037,1.30454636308644,-0.93333840690097,0.441499293396374,-0.179475073047498,-1.27203890060081,1.12550458370977,1.23208396825886,-1.24746659009922,0.82605341162188,0.774557182216833,-0.0767650896849904,-0.0894901914201
"TCGA.AA.A02Y",-2.26818590923495,0.0663838963012939,1.47685710244893,1.0308455929785,-1.37445403628528,1.33364360166784,1.25117628828976,-1.79895615697112,2.14134042613252,1.65747526787065,-1.69406490183947,1.45264052458578,2.43492551395953,0.983175648784279,-0.782861208727925
"TCGA.AD.5900",0.659703067162294,0.365806370281797,-0.903183517273355,-0.255668930243526,0.228695736463333,-0.90906157636557,1.21142928166272,-0.105249253530182,-0.00215005090753684,-0.403638755552617,0.287824590883479,-0.0982661953724176,-0.335740224484427,0.631362295462533,-0.992271560315355
"TCGA.AD.6548",0.569378644057314,0.240860730100312,-0.830917904474574,0.124334377709686,0.134861565730185,-0.164035014074115,0.48536866774279,0.146773645470524,0.129828001041887,0.0980038574061149,0.52839598018772,-0.728941530104896,-0.209404239934453,1.11612106487127,-1.17479476287813
"TCGA.AD.6888",-1.71002890036089,0.432443549129762,1.36529145827527,1.45613219059005,-1.46572521680275,1.55433744186748,0.169289949160719,-1.49657952379388,1.84075194178621,1.65429844386381,-1.64068334632979,1.25767939081018,1.81961872163995,-0.700289988626844,0.00666216925475713
"TCGA.AD.6889",-0.696089284540906,0.466327313412137,0.193269093992163,0.664712480110107,-1.0275886794529,-0.113325643380597,1.57107570841198,-1.0741656809202,1.15869245413628,0.888670930446732,-0.956882083270343,1.13384056381217,0.866039922701362,0.331221515023325,-0.945553499009871
"TCGA.AD.6890",-0.405030414439811,0.593314192361303,0.132133527784065,0.55325856577862,-0.513182069248762,-0.620160964822099,-0.0187045448406108,-0.835625880854418,0.384579484942324,0.110959153406514,-0.840730158853022,0.83884882907581,0.123135356272585,0.275917633956272,-0.538693513049794
"TCGA.AD.6895",0.626022807383762,0.363373630494265,-1.20058970670886,-0.129967507902224,-0.030751331808947,-0.972544498668314,1.56993099552743,-0.154033125457049,0.471260369436863,-0.263978625769096,0.45114934338688,-0.0305513041341928,-0.389838458897235,1.07259358469055,-1.56961386860012
"TCGA.AD.6899",1.02482283118859,0.12760516526581,-0.934146134769143,-0.34099420795813,0.782778104209473,0.129702888096471,-0.616165089288132,1.11131092267682,-0.542883240119283,-0.0792144704040354,1.31230130847201,-1.39903777157723,-0.550226897939888,0.312110087784283,-0.184610480292556
"TCGA.AD.6901",1.15434043520168,0.7127623643055,-0.966491121916953,-0.489716095951931,1.13321751918519,-1.19348719483312,-1.65551576382034,0.880017951990323,-1.08161666325659,-1.28605756842476,0.931012376552597,-0.472407240261267,-1.66981446591251,-0.630185398908017,0.516551160764456
"TCGA.AD.6963",-0.148710622052072,0.791011441733256,-0.506796435481147,0.945828140418569,-0.48206860877044,0.294188204444571,0.0797005651714082,-0.826895671484026,0.89680938935252,0.874217396838228,-0.240926377586231,-0.0611618046226737,0.560168181654753,1.10182464586881,-1.48952929297666
"TCGA.AD.6964",1.22604670281924,0.763367139757793,-1.40246381588663,-0.810510140175743,0.797366335497078,-2.1799639315071,0.153113381609642,0.462637449097197,-1.26285748447365,-1.0435566525452,0.646230507969035,-0.263275648009414,-1.19624485452909,1.01049637136198,-1.15953228495622
"TCGA.AD.6965",-0.295647900388069,0.390329176070488,0.439802793921166,0.811591606450415,-0.731104824350794,0.0524414292840268,-0.695267325397332,-0.397073961204928,0.353409126336593,0.233182732931819,-0.672564835742407,0.481680862931533,-0.15387476244526,-0.170140289981386,0.541841012648002
"TCGA.AD.A5EJ",-0.313591479700903,0.313669993741091,-0.237483049569753,0.407741704226737,-0.94565806002418,-0.172342821496839,1.62540027663982,-0.778795465335465,1.01665602582147,0.747232114939542,-0.450949828489765,0.652875262731625,0.526940186328297,0.796407959395374,-0.995473817324012
"TCGA.AD.A5EK",-0.159008042914125,0.740370796293171,0.306933577272544,0.785759121884068,-0.5515793556097,0.554548061436104,-0.887820314841424,-0.315450996574017,-0.0537359275331037,0.913585796525445,-0.477008342689064,0.279707120900449,-0.108236824290626,-0.843501258670743,0.73996221243963
"TCGA.AM.5820",0.159765003128183,0.095947983679191,0.178847231439524,0.246919866629635,-0.22912616805279,0.416705892354039,-0.46152180362566,0.0448478649383011,-0.0336281463255181,0.432571359298277,-0.293988750554253,0.00114203807329689,-0.385121098845916,-0.875724510563143,0.093669669695959
"TCGA.AM.5821",1.0412533105906,1.51069736025101,-1.89074211393955,0.342619635321001,-0.905046058824711,-2.17471388528542,1.88150816447022,-0.85241895469767,0.347190225620434,0.158060042728346,0.0117826438671279,0.586241586727484,-0.600805536021512,2.2386978974873,-3.38311599298259
"TCGA.AU.3779",0.365284832830764,0.600791685812497,-0.624270546847364,0.124103650312914,0.170906212996397,-0.696112225197427,-0.945120731100448,0.00240178014069871,-0.248552861698533,-0.284724945694225,0.280209347235157,-0.0230167214795332,-0.332986342282406,0.628504592410885,-0.411126217380583
"TCGA.AU.6004",0.653523455416773,0.172221392815935,-1.2527060095448,-0.357325616509534,0.172707187668733,-0.638291013821532,1.15757737285621,0.0659904347414337,0.0194307160088126,0.0355848000669391,0.714024673075681,-0.521983577362923,-0.253087926938454,1.55458052865944,-1.32581865654953
"TCGA.AY.5543",-0.758761081361821,0.337407079304329,0.116454849920685,0.837539074772149,-0.801335661795609,0.440197243690012,0.338488114835367,-0.812191778866554,1.23845242857257,1.24320548913349,-0.500665615977704,0.371962929435377,1.50387501302941,0.950655935544691,-1.1731415611244
"TCGA.AY.6196",2.68118963841927,0.478011595540193,-2.47227039613057,-2.10681137676033,2.34658769842265,-2.75738572069626,-0.448216579394713,1.8294882621434,-2.66185270342275,-2.46854861674055,2.21730262683572,-1.46854303917027,-2.53017999585494,0.75188126648764,-0.187634265209346
"TCGA.AY.6197",-0.630085823594429,-0.0817520914616361,-0.0139918265200744,0.363998570912493,-0.679300688193933,0.702704406455408,1.50770357905183,-0.794614925904831,0.926984939968541,0.749932970386362,-0.417479388723851,0.31387196588091,0.75479644426687,1.25696766206166,-0.668505033064234
"TCGA.AY.6386",-0.854108976751038,0.00205300047927347,0.184789947748009,0.605484275170254,-0.923076627139505,0.384794218052164,1.21489368177749,-0.700094584383539,1.34362082182821,1.01159298649254,-0.541947512011908,0.442668375976654,1.10387407253138,1.29499670634732,-1.02300477775992
"TCGA.AY.A54L",-1.43581318921042,0.12091545068668,1.27740406059843,1.29327608777416,-1.44953888726874,1.19623212511452,0.101249245821225,-1.21455861161157,1.40678344144211,1.5574655641284,-1.39679913582115,1.1833105509351,1.72753432216713,-0.743837543647536,0.667776134269684
"TCGA.AY.A69D",-0.244103145906304,-0.22125014346314,0.177642665331255,0.276467508210699,-0.772477180555652,0.479349438508076,-0.298109853618402,-0.0263682864932659,0.158029736150024,0.859242186113451,-0.0698901239781672,-0.0861048207350318,0.458460039725188,0.326024667181688,0.188326692422066
"TCGA.AY.A71X",-1.69931222960641,-0.272678511839708,1.50526442667781,0.576187867963301,-1.16492562371297,1.35961217322068,0.89332765275012,-1.13830057936615,1.49329998287011,1.48691031464556,-1.17398803410317,1.18945333870737,1.839186261308,-1.06808893188695,0.972755165852973
"TCGA.AY.A8YK",-0.912188015453712,-0.146239421806669,0.8138147060706,0.717709637184052,-0.451361214120127,0.726129236474537,-0.536218677622042,-0.492975854434742,0.678498701032051,0.46181826058783,-0.601380227760465,0.460719756099332,0.784504871227686,-0.194271756878063,0.670970519165443
"TCGA.AZ.4313",-0.844761885905734,0.624682541246635,0.50102077124301,1.13729104520647,-1.2520572196751,0.155114762325879,1.25745272929371,-1.324372344553,1.58142279926868,1.31578846785437,-1.34023978183781,1.28232385503683,1.24674721263603,-0.657182628587806,-1.24711544473609
"TCGA.AZ.4315",-0.298418277193487,0.729244134361379,-0.14775426940385,0.59969984979474,-0.770532102146607,0.0480519822900196,0.444520779502415,-0.832489692034352,0.948506732671224,1.19283827077066,-0.544946860994296,0.436832154652898,0.908310252934551,0.382380314390421,-1.79067498157983
"TCGA.AZ.4323",2.79701830178763,0.195275952415034,-2.01187292573441,-1.27467983966101,1.63981490255043,-2.50985218190722,-0.675774543563709,2.04910769625607,-3.17634369349212,-2.0586581343283,1.36378302309522,-1.71102659622656,-1.59384363452515,-0.561709532315104,0.961478735952073
"TCGA.AZ.4614",-0.893824531581607,0.717571360643662,0.572777241073951,1.06706046911181,-1.08276649711029,0.364728572115541,1.10606088062885,-1.52163392903694,1.42360943522781,1.17725969351981,-1.39943582055479,1.23417991320884,1.05327135094482,-0.262185890092471,-0.511316241452447
"TCGA.AZ.4615",0.169680046592107,0.577335511028494,-0.663330841663397,-0.0329339804564633,-0.284306296003187,-0.348454875095017,1.76533148709508,-0.327010155120002,0.689101373398516,0.415572935006433,0.252512001938327,0.113564016050202,-0.127740641972021,1.72933976300293,-1.8574842702159
"TCGA.AZ.4616",0.303105051020884,1.11205293348367,-0.685321514101333,0.655877123555486,-0.42367337799305,-0.586726037510135,0.524902447575896,-0.569551024377088,0.514068514076149,0.228861425975436,-0.393875276262034,0.445603212268416,0.156933485786875,0.211016327665959,-1.21146279339065
"TCGA.AZ.4682",-0.77830972768255,0.289255385043944,0.759214816019845,0.670187651415375,-0.320957845844104,1.26442716221254,-0.519816516847217,-0.528307551935437,0.916639123840672,0.96796626430218,-0.604145816866506,0.20899308262643,1.20314398918089,-1.07832897010963,0.0497816163308542
"TCGA.AZ.4684",0.309281758589435,0.403422698521573,-0.58134910522528,0.224177913190233,0.0372262745557237,-0.425491012871656,0.231535854867612,0.0222441611491039,0.331122088492446,0.00722215543973928,0.160819586802668,-0.172399458048024,0.0267167245531455,0.534243743977509,-0.716478371659539
"TCGA.AZ.5403",0.293343590320764,0.330504901546061,-0.148817352462742,0.288581017949345,0.194188450271839,0.268259865440016,-1.038774626589,0.388122398259836,0.0863191178916047,0.112341514002221,0.162228791321594,-0.364088628817817,-0.198096107786676,-0.849370659489822,-0.19795134974185
"TCGA.AZ.5407",-1.1971839981096,-0.0374093886362827,0.74355506085833,0.384806121109388,-0.749098595719841,0.0245916392237015,1.20761646408675,-1.18005283198873,1.1190943647159,0.656206182861281,-0.991319089441364,1.09608632686906,1.44924906534228,0.427605668111627,-0.454889488003841
"TCGA.AZ.6598",0.499860335621166,-2.11669519423382,0.562065879590664,-1.95576855993347,1.91529825372835,0.66707341636613,-0.0696902275925224,1.71971105431066,-1.60374490293848,-1.76991485243745,1.2289767636955,-1.36955756698177,-0.448578479393544,-1.8588163260816,1.8403426889515
"TCGA.AZ.6598.1",-0.294824124444104,0.786391888079906,-0.225180865597823,0.538532108038731,-0.86961221690854,-0.906682673826051,1.59870572143494,-1.00399328771114,0.471235272301835,0.733914058955784,-0.809921939110997,0.890818284171067,0.185874608362448,1.50723381787277,-1.19267558348683
"TCGA.AZ.6599",0.0894902196664089,-2.13359088452418,0.723626389160324,-1.7803788742516,1.66575690592906,0.991136026036424,0.104539223901092,1.52067331416977,-1.24483511877936,-1.37850429049096,1.11992717462374,-1.2432680200587,-0.210138073955837,-1.39452842016871,1.77303296594987
"TCGA.AZ.6599.1",-1.52180000291653,-0.551633811623157,1.38000068283884,0.320084740789781,-1.02385382524536,0.264696280666196,0.748010922242044,-1.03235895597442,0.9702137583489,0.747627595440207,-1.27546511103215,1.47395955547844,1.54247494106583,-0.677288470765262,0.935072895828763
"TCGA.AZ.6600",-0.158937540272993,-2.08240777552032,0.798233428771887,-1.79451692814842,1.38269515333115,0.327336008992961,0.425765549927749,1.094871525802,-1.04579289902649,-1.52536406881722,0.710438218374257,-0.600585456073807,-0.0854195913311929,-1.04362922396791,1.32912336795986
"TCGA.AZ.6600.1",0.561912275402763,0.0595604977373965,-0.597655701493338,-0.163612329596476,0.451918600264661,0.154639237790167,-0.047275117434118,0.574556720450291,-0.145748001979507,-0.204504834260349,0.656832606712149,-0.860238850822513,-0.379835360284349,0.345914760452682,-0.264563131055787
"TCGA.AZ.6601",0.333790385683673,-2.29913568009056,0.57953309591576,-1.93348942009309,1.64349118450272,0.219441847766042,0.0158691072819114,1.51817184565182,-1.47467891893552,-1.80063005709581,1.02942906097564,-1.09419307253389,-0.579706198672568,-1.35266557289142,1.68330663354915
"TCGA.AZ.6601.1",0.664217694978176,0.49060106530594,-1.07276672679829,-0.180452062243002,0.312451297838034,-0.453549858510566,0.96397916951888,-0.0484423374231131,0.141359156768827,0.035089414064951,0.662263726823607,-0.682357786318547,-0.326141839147434,1.53227501335675,-1.58218684778159
"TCGA.AZ.6603",1.63835682602112,-1.35974692059313,-0.895619061372529,-2.21153678924065,2.33343342921161,-0.615132039263976,-0.11363385814042,1.97788076236148,-2.36014674268137,-2.4011389835089,1.68056821443376,-1.69240250128467,-1.5173774454148,-1.31934941458956,1.27088630487079
"TCGA.AZ.6603.1",0.508146633960955,0.0958342361958181,-0.381810636431431,0.14304562216514,0.539580763787745,0.405600128743763,-1.38183320536487,0.590843185598824,-0.431893316413016,-0.0486005860261893,0.710716394476878,-0.913172613818488,-0.438660249142164,-0.231280565089587,0.290899448376017
"TCGA.AZ.6605",2.30369597541826,-1.39854052395509,-0.454627590796206,-2.53305607959271,2.66798402533784,-1.47727482310084,-1.87944541869916,2.39763324374903,-3.75390156438426,-3.82259103931682,1.15348914959095,-0.979974380961496,-3.51934903005302,-4.36394662295917,3.26307664967075
"TCGA.AZ.6605.1",1.26837506681777,0.165065945643262,-1.27043220740339,-0.669532249060771,1.0078466429427,-0.776638195338727,-0.80706894530015,1.10094516225475,-1.03368216641356,-1.022734741629,1.22996643419094,-1.11369063843629,-1.18155904040678,0.287269063995825,-0.306601362156292
"TCGA.AZ.6606",-0.885118343036378,0.0521261140010047,0.432795180760543,0.870916638450284,-1.1729479841349,0.516058958090058,0.636070760561492,-0.815328870768724,1.38676499369185,1.0450086879425,-0.722588158305239,0.704390469234909,1.12385024262135,0.405766330066007,-0.264418526649155
"TCGA.AZ.6607",2.0656575269913,0.271648438497492,-1.95743040611759,-1.09746439221445,0.597492254992129,-2.23721381235254,0.221657030258273,1.46573564328444,-1.14875518027092,-1.64014633671426,1.63666860952606,-0.403829624130324,-2.2464121710565,0.571269937269752,-0.52331140649896
"TCGA.AZ.6608",-1.64924412372962,0.66626610294211,1.30546563022217,1.89048135422962,-1.71187101003364,0.842308156739094,-0.223847880157201,-1.93525727770602,1.83466648273839,1.64863706605915,-1.95629537343645,1.6242400297918,1.64087269543541,-0.613033716937244,-0.0297519552890327
"TCGA.CA.5254",-0.0111812859628048,0.365698226991665,-0.169422426214812,0.149129646430034,-0.489911737773493,0.422325114879348,0.138466063350297,-0.175656239923282,0.736196672802287,1.00537618594225,0.100801836415198,0.131501856907574,0.375235749594202,0.0560737340043565,-0.44925301875418
"TCGA.CA.5255",-1.33054446678515,-0.0443706044113169,1.02841773789901,0.505748170246546,-1.26220910899697,0.501916614425406,1.191549252616,-0.975098250661507,1.49755572017975,0.906518370902506,-1.23511191957186,1.45053219064629,1.27602051858182,-0.220086643412373,0.265269533126697
"TCGA.CA.5256",-0.842938403827982,0.726026801416993,0.84462714059601,0.982967870161622,-0.68912622164948,0.4736972100547,-0.442674254383334,-0.922549118592704,0.678888013802491,0.89154894925546,-1.04545446028316,0.785654660901364,1.12660216560876,-0.46737518891852,-0.476812429670208
"TCGA.CA.5796",-1.65866728574628,-1.17578069478214,1.23382161343409,-0.29218994333048,-0.685976589206363,0.367240389092328,1.6175596046483,-0.69446410931553,1.01966670860295,0.332417344082348,-0.833462203273462,1.33138813793428,1.45382842689966,0.968576278871037,0.220057484196568
"TCGA.CA.5797",0.0303158394984993,0.338417479327673,0.0848576119556552,0.531179276627699,0.0105366376912419,0.891377696745342,-0.767609029693429,0.161286826942261,0.149279767531013,0.317058044337896,-0.0605619436214508,-0.490775074063904,-0.309957289976946,-0.0193141837885214,-0.0864937382853471
"TCGA.CA.6715",-0.5721196300505,0.82633380780357,0.667343558561269,1.35487642711091,-1.04959513082646,1.09289729960913,-1.19125537094556,-0.552259849932098,0.50290313414761,1.06781137397169,-1.02357112214893,0.510445414923004,0.373534443531564,-0.809833335526999,0.586497175957638
"TCGA.CA.6716",0.141444341079829,0.435160696932549,0.158944516121363,0.461717921014143,-0.311598765279583,0.176681663902237,-1.96881291438245,0.249198026956191,-0.369537892854034,0.211566669942203,-0.178701699695556,0.249873717536558,-0.662927529847908,-1.5900061644549,1.33087680500468
"TCGA.CA.6717",1.55522185451624,0.134526347421112,-1.34720481463917,-0.884552365466541,1.03720216792349,-0.747903787255151,-0.162527408883708,1.21263082292218,-1.33859222867246,-0.852625207814898,1.26806045344096,-1.4317399162161,-1.1045557458906,0.0897667025448062,-0.227117794731088
"TCGA.CA.6718",1.66169296704141,1.21952335733325,-2.07335374149748,-0.0183482410401103,-0.102412439145311,-1.47012847194285,1.0204755746169,0.180886599846815,-0.523625501034827,0.14688509519428,0.926661055059405,-0.690032426737078,-0.725413499205876,1.6494216299652,-2.10151005205336
"TCGA.CA.6719",1.15869692526479,0.48641324879655,-0.912968262550166,0.0231787407188629,0.463584153840682,-0.777493402081079,-1.31967499994003,0.79911364713367,-0.7957769232819,-0.8678040797867,0.636180872988375,-0.594553129840867,-1.42540677263935,-0.0188411925446344,0.197673271688953
"TCGA.CK.4947",-0.00591945148964772,-0.323230740061015,-0.253161981265405,-0.204808035014381,0.0742518375010551,0.295118352496913,0.274796015694646,0.230223652947033,0.0951059465666918,0.152112106610896,0.502707072484161,-0.595050627816048,0.0978318230147704,1.20747581910189,-0.403450734550402
"TCGA.CK.4948",0.695395744712757,0.868611159288148,-0.743672389816509,0.659100580377658,-0.00172170683464795,0.520768745174243,-0.334898630528901,0.275610870327925,0.259471130983627,0.466646639140407,0.444544174501163,-0.876836590627663,-0.172635770569894,0.108023843643165,-0.655802355369138
"TCGA.CK.4950",-0.277942898845628,-0.597655273255746,0.0371485898700474,-0.384243288100318,0.325045733642577,1.50597843181711,1.18600237539808,0.34943354212981,0.551409427846928,0.593280857651497,0.59679303378203,-1.10857930970954,1.03130929032465,0.775253281157019,-0.91258126195526
"TCGA.CK.4951",1.00171787853524,0.477952240089158,-1.55560897506169,-0.1663651956524,0.222103163742934,-0.31643011384132,0.877005778390641,0.51174293318537,0.12113901967071,0.313446305601268,1.11122564094758,-0.982953210229081,-0.327439060764052,1.4719164240434,-1.87835528733017
"TCGA.CK.4952",-0.336741523116619,0.578338001120252,-0.209123575049675,0.861609589161111,-1.16423189219988,-0.0805180233898183,1.70734121634003,-1.00131460690724,0.993209437598623,1.08994364633462,-0.739771780378918,0.599019070718144,0.755614452453082,1.266036595281,-0.922050682542458
"TCGA.CK.5912",-0.449438429527358,0.428457504310303,0.44568682682505,0.71684086202907,-0.715470380318527,-0.0476066130288953,-1.25947285462967,-0.467947916683388,0.162126104256172,0.47612160556277,-0.744114064792957,0.763508792217404,0.124612660426361,-0.257482735899143,0.533703024651129
"TCGA.CK.5913",0.201104445195504,0.264694328328785,-0.896357118402144,0.199695543070046,-0.504376421655276,-0.10509321468891,1.74470114957292,-0.187268017599029,0.792919881378819,0.629660472919432,0.236679382160081,-0.0828185174940531,0.229199324046907,1.78533055527697,-1.52602822639729
"TCGA.CK.5914",-0.160202407057313,0.775102901218836,-0.153315212396701,1.01212643233776,-0.853901050903503,0.213483476799697,-0.628602433392039,-0.600169500210451,0.502285330080859,0.784899254139137,-0.412957795678818,0.308940848909947,-0.0428317867604889,0.761199214861616,-0.704696486807856
"TCGA.CK.5915",-1.43428286893939,0.138823811380873,1.35867453841228,1.27764949671965,-1.62088714494386,0.692055797082326,-0.34917290868205,-1.2169648614291,1.03797928305079,1.1802433468353,-1.63449396086481,1.44051171321354,0.76530311499119,-0.245289932788955,0.634335748558116
"TCGA.CK.5916",0.735682168151873,0.606709952366729,-1.21058503928591,-0.260729940344403,-0.117817288899945,-1.21945953143586,1.06045927803246,-0.103401855074697,-0.274201224829692,-0.217430074994929,0.328328481859772,-0.116497990142473,-0.731743472860168,1.52831653778779,-1.56920195465068
"TCGA.CK.6746",0.298038862120945,0.8933728842613,-0.723968840706955,0.375134277643729,-0.870590544888701,-1.325286966343,2.26390774417537,-1.15500226347812,0.247083541693191,0.856103945653633,-0.490380368342618,0.748413933905293,-0.0592463082312031,1.46587503977149,-2.15082152640629
"TCGA.CK.6747",-0.592106544808427,-0.278639712727335,0.462467274061716,0.341782080354454,-0.48163321127001,1.27488384222502,0.601843577530162,-0.0150949786410537,0.690944141175792,1.04617694804844,-0.0954494679622789,-0.280082789813905,0.830606172945602,0.27819561000124,-0.0809065926137624
"TCGA.CK.6748",1.00544093773411,0.579932914442351,-0.68042691206105,0.0141843942771185,0.617230567176858,0.123650152951322,-1.68293311834954,1.12421239722041,-0.698528165089818,-0.61373863918442,0.898848879576895,-0.803331865043217,-1.3878156390364,-0.437833978910868,0.556012035761512
"TCGA.CK.6751",-0.293910504298683,0.266477930343538,-0.052923282356117,0.391080986357655,-0.47566377177863,-0.0817489707038775,0.592962257125696,-0.531299144681662,0.688766337932493,0.368118237297065,-0.413031367453353,0.3413739856773,-0.0243018308219643,0.451397516880235,-0.916664034239681
"TCGA.CM.4743",-0.263432027392559,0.552697701173608,-0.498588227374292,0.259065546460671,-0.727029989695186,-1.17859297370681,2.38974389507593,-1.24912080398735,1.07502295000535,0.428310547948681,-0.722861163059836,1.26636946674289,0.690334546911618,1.08058238526895,-2.14329103731289
"TCGA.CM.4744",-1.03684690913863,0.891337009648067,0.458482857102851,1.23724779590253,-0.943787788898389,0.996693872588452,1.09251181132922,-1.6188093338022,2.02103723866318,1.41779772681009,-1.05223655316938,0.657396119889091,1.57394796122951,0.75492303527035,-1.77776270378821
"TCGA.CM.4747",-0.155054089877188,0.258559860538636,0.213122779335733,0.241897962749875,-0.198343068074712,-0.0118343867009237,-1.19716998119067,0.00311308710789168,0.024956786789094,0.10922788896221,-0.17484471769825,0.315534958708943,-0.291660639355705,-0.556404588118577,0.571692925212356
"TCGA.CM.4751",0.277497334665887,-0.312927383224938,-0.496339266106809,-0.398050760630855,0.283927044014975,-0.114954643889601,0.856309253034655,0.27006422760293,0.196845763964625,-0.167891797768376,0.54470102472158,-0.424063577220919,0.104983955871817,0.49786277462899,-0.342431985225643
"TCGA.CM.5344",0.353322244028776,0.29719164967235,-0.138826545165556,0.268055093416032,0.017595242954874,-0.371858143733526,-1.06279217795882,0.269494923844525,-0.231354213546494,-0.277533478747393,-0.00138255824409218,0.010330414086307,-0.795488885747717,-0.835324899790098,0.104653483040629
"TCGA.CM.5348",1.33246173290108,-0.257583391119745,-0.958386800860179,-0.858204864259368,1.04850275208009,-0.371582615373204,-0.448435403989094,1.59969458696894,-1.16079018268341,-0.965105019909578,1.36836718863906,-1.24462652976021,-1.52371292906667,0.0516098493131639,0.6241115606719
"TCGA.CM.5349",0.67686794965369,0.545057184953567,-0.463288478354805,-0.260561084374091,0.378906875951193,-0.579705747018819,-0.788096070559055,0.365386054300712,-0.914223285204317,-0.659826211253483,0.14776449407564,-0.180439774671661,-0.823358959991803,-0.409873582862022,0.229117860961001
"TCGA.CM.5860",0.462766892651775,0.617954898204806,-0.583831901019008,0.0332531069960639,0.0551662041070922,-0.552627098885682,-0.608640287076203,0.200866585290648,-0.158997688884275,-0.390865610285075,0.230589558937586,0.00373116909534033,-0.90160132389264,0.554954120061435,-0.516708814561776
"TCGA.CM.5861",-0.414048993495416,0.571287751799098,0.0632190737694031,0.303485240984369,-1.04618495400704,-1.14063794493325,1.63516846355836,-0.93070713363119,0.709881283304312,0.28069108705722,-1.19706013735639,1.73914037227474,0.299481852186634,-0.126928752383873,-0.402629033161369
"TCGA.CM.5862",-0.328966679411569,0.932435013983718,0.650815257109821,0.82223888054138,-0.619156018323615,-0.306319052758523,-1.537136732927,-0.570802343395635,-0.145725120099738,-0.00155703863482272,-1.15606632385971,1.23109614216916,-0.396141917187261,-1.20204074857197,1.0872199442412
"TCGA.CM.5863",0.245382861621656,-0.237227190102645,-0.151964604453738,-0.560756425983541,0.488725375797935,0.40891871666269,0.36463411646122,0.802482436390494,-0.0498911005074285,-0.47173927518395,0.642014088424828,-0.467899678285025,-0.191153858412421,-0.29805883774815,0.553202140828225
"TCGA.CM.5864",-0.755449388416259,0.774957718981013,0.618043631917395,0.780265886634616,-0.819938493452685,-0.355277385981902,-0.622352184862546,-0.914368244102194,0.264330942639786,0.383898055507233,-1.21949394447274,1.33082087286078,0.478746931208157,-0.135687123356894,0.511906898260745
"TCGA.CM.5868",0.206979241321554,0.65249033839065,-0.0307544160762384,0.760777621478313,0.0200699957274899,0.55102889308516,-1.18815539427027,0.153574750144249,0.222178948060196,0.609503023086345,0.0972969497159414,-0.394820210070681,-0.0768443128260033,-1.2465427965246,-0.0770312542221239
"TCGA.CM.6161",0.278774715655382,0.0492307362575933,-0.0881316564764825,0.0139559352462295,-0.12092251067725,0.0312385738240231,-0.430609063288511,0.240434679433998,-0.497686333251846,0.110253124761829,0.311058081133439,-0.297804648345893,-0.137814990500189,0.326974460807647,0.569239296921855
"TCGA.CM.6162",1.86691821489632,-0.146114295640898,-1.92355067271053,-1.2821081174862,1.10518500687122,-0.973683908292104,0.360901003492278,1.73610299708452,-1.49286938997276,-1.26390304146201,1.915910915201,-1.58363734524627,-1.53449656963031,1.1686571940155,-0.400783247428097
"TCGA.CM.6163",0.263641101307155,-0.455046379221713,-0.220005531276801,-0.355393303817438,0.357631432627075,0.0829162798457118,-0.566151597724107,0.424449986486842,-0.3593249760242,0.00628494502343507,0.673612758579391,-0.724683352498482,-0.121257953926717,0.322214868047681,0.0263268725716779
"TCGA.CM.6164",0.38523561838036,0.407873453657083,-0.342015975606908,0.538227320480174,0.1601227231134,0.330513452278409,-1.13644338515546,0.345939202411976,-0.125253819136803,0.153188003187608,0.288590318791769,-0.516794816399079,-0.296974813706182,-0.532134663768963,0.142506545736733
"TCGA.CM.6165",0.272219682304732,-0.290897307771804,-0.0405749287745688,-0.409699996542698,0.352970741696831,-0.137667798020563,-0.77828828967406,0.643436419216293,-0.687830313848824,-0.338882067756084,0.473425924792913,-0.406766043308507,-0.713325668144631,-0.0697552921807891,0.552182984013808
"TCGA.CM.6166",-0.134958505914362,1.00083676349112,0.410184716743197,0.921560455432133,-0.874763620045506,-0.669637851807918,-1.5565006464242,-0.515161296561318,-0.172980325241175,0.0823907796285708,-1.19440938019439,1.1372012369715,-0.508719415658945,-1.31639640709475,0.754636749505183
"TCGA.CM.6167",2.40879712004623,-0.166993899529838,-1.61845030389983,-1.63257484250177,2.07002607087678,-1.52812943689135,-1.73662074496845,2.0159814743904,-2.68214239851886,-2.29312272710614,1.82932733256695,-1.5404315765911,-2.55767646957292,-1.64842455976128,1.22584072390847
"TCGA.CM.6168",1.62788778924158,-0.126138236507654,-1.46100255055718,-0.939881560571865,0.932972529610454,-0.605309829655685,-0.357528105721879,1.44733929828108,-1.2878965651697,-0.999405686155835,1.60252508208967,-1.56645044791324,-1.34068317727901,0.251525833576251,-0.0967842169435895
"TCGA.CM.6169",0.885185667383647,0.533505474633814,-0.992686090295127,-0.789253898123449,0.552891196580081,-2.50041268393508,-0.945306769612735,0.51661116322755,-1.52530584540659,-2.09899556150643,0.349554945313414,0.519472593411977,-1.98552118236135,1.5965433702866,0.610392284150297
"TCGA.CM.6170",0.196411682507234,0.215177452838337,-0.287541247272339,0.319544330995003,0.0575494008484651,-0.0290357375193956,-1.13714858327351,0.21714941990611,-0.0405025912282894,0.0472129433560824,0.328591318681102,-0.25906527054926,-0.401050534842776,0.317405486266043,-0.0806695250962524
"TCGA.CM.6171",-0.15094294833131,0.0666848349630314,-0.00324928376178922,0.0486470961021185,-0.678226522398133,0.155122000655965,1.74328079594813,-0.285698263215683,0.0743235398123318,0.647744768420368,-0.304839757519885,0.368966681751477,0.357504824114704,1.32003302592008,0.100033955367363
"TCGA.CM.6172",-0.120659747876114,-0.46338011748528,0.229043894542746,-0.184999785956685,-0.0526068059803283,0.103599819424484,-0.452672714904321,0.31569975652347,-0.274793138544051,0.109350627227177,0.17285567222018,-0.0575207835676675,0.233895080657308,-0.292293005140304,0.789501438746579
"TCGA.CM.6674",0.297593571482479,0.409155059541254,-0.526863495444274,-0.222573871280921,-0.0323693096508791,-0.520593950621728,1.20609210269188,-0.0293866475503017,0.0453497984514729,0.0279399882227957,-0.0326269762254856,0.171057076266684,-0.0597967890181547,0.305149057647591,-0.941333292298866
"TCGA.CM.6675",-0.582675192841538,0.197922086715493,0.335581625811987,0.530256039153137,-1.04919220343349,0.542868976898706,0.905536555990221,-0.662962282579528,1.19806874874884,1.0688157309379,-0.400012494210371,0.66224122158539,0.619667102995739,0.365646799333405,-0.41785014704968
"TCGA.CM.6676",0.16497777675107,0.43195675446493,0.16865705778822,0.477793451519928,-0.0775684780453493,0.232202290631154,-1.03425031628558,0.17444941936799,-0.300013565460137,0.162674095922285,-0.122115219195935,-0.00672763348161406,-0.526915866969222,-1.3436901386159,0.983397004349801
"TCGA.CM.6677",0.0790003076461802,0.638588868422956,-0.343708800977869,0.454427347299447,-0.385165351637311,-1.3424805967905,-0.280368055354216,-0.668083766810038,-0.10059416512173,-0.269308506313832,-0.580372155332935,0.700626411201342,-0.560889520507266,0.571096726331078,-0.59496843250622
"TCGA.CM.6678",-0.172596025153554,0.302808895393191,0.357970160388385,0.386517013684662,-0.305962424650467,0.55103565491182,-0.855833865406913,0.108433651096507,0.179130809589464,0.400153126188464,-0.195458228792949,0.117672752372158,0.205645599683281,-1.39132021602247,0.783024720212994
"TCGA.CM.6679",0.932305146007725,0.27887577887951,-0.706670001821001,-0.107472753371069,0.72720190723671,-0.16948619142868,-1.86672876567542,0.878972285040432,-0.747798520640689,-0.360798716798139,0.984015619847011,-0.932492224694591,-1.07771102634882,-0.445628643193569,0.20739918726312
"TCGA.CM.6680",0.464017129636508,0.0389174943708073,-0.572801727210632,-0.385100348764219,0.343408301762113,-0.299347114297348,-0.0897590970184017,0.709873543252776,-0.379572819988302,-0.260345571019672,0.695715374380881,-0.494804238418681,-0.133917564584391,0.309309235760312,0.245783489528682
"TCGA.D5.5537",-0.417257994569046,0.434017991669788,0.436806327207169,0.473345022066197,-0.485277823904336,0.223576118763682,-1.14392905720519,-0.126949976712896,0.269587329619797,0.324018283732313,-0.411080812287503,0.47578654096424,-0.0447608079270223,-0.605948556469683,0.696814702371051
"TCGA.D5.5538",0.674669946422911,0.802185034524095,-0.961687969703627,0.0599437144861443,0.230032074352742,-0.639718863399749,-0.376364254117439,0.353616025228817,-0.209344617438007,-0.0957943430041475,0.554072828606383,-0.433488162461506,-0.504945086645278,1.38761881139586,-0.835688573352796
"TCGA.D5.5539",0.492530248550853,-0.0522908849132611,-0.413678646845623,-0.366935937028389,0.312558674087547,-0.186307854704307,-0.3837884480836,0.698910597332453,-0.293196463002444,-0.216123619208417,0.541122171164964,-0.595059644393987,-0.235517453111374,0.0693155248016234,0.21821106770916
"TCGA.D5.5540",-0.297239603787072,1.62283010991277,0.271910253372558,1.2826300805284,-1.48637633313507,-1.01566559802105,-1.23134426927003,-1.41948899931657,0.250103594760312,0.892370347019883,-1.55779561360169,1.57711375329638,0.206852328837058,-0.0876526440043411,-0.58929004671993
"TCGA.D5.5541",0.707161270866432,0.795712195278212,-0.643918811170932,0.321205149680633,0.17241355266243,0.277028971845814,-1.06600631407724,0.313844613928252,-0.448844061614571,0.615777720340778,0.513368118698047,-0.792570042908271,-0.495717378522754,0.22326463084741,-0.52734661265098
"TCGA.D5.6529",1.05399231079573,0.635155901913407,-1.47569730006187,-0.256382991205883,0.407849468679333,-0.996005713980065,-0.448009906754131,0.551054638514447,-0.44121149104698,-0.415640828290782,1.01947498088594,-0.760428306530723,-0.847839753382171,1.55002599979342,-1.06051086485155
"TCGA.D5.6530",-0.395545191604729,0.169419354200486,-0.258979164413423,-0.107561086317301,-0.372488057118137,-0.438773639087331,1.64109647500477,-0.69760587464861,0.693514632162837,0.4851452145384,-0.166180806376768,0.420287619553337,0.655648426384147,1.85550972186667,-1.19202426836559
"TCGA.D5.6531",0.330174775166409,0.949831894852071,-0.604490162540073,0.427632361683755,-0.356764131506145,-0.613612452958445,-0.00133371307809593,-0.215614700639568,-0.0114867692327987,-0.0732445192370659,-0.0396362579926163,0.11372751490529,-0.70471630474307,1.28623995977865,-0.723036248544243
"TCGA.D5.6532",-0.994331980078998,0.740878466635255,0.828027598286418,1.25321646675166,-1.11354310045206,0.586522134721401,-1.00918035095776,-1.04043452711476,0.795400671909595,1.140296532379,-1.14657399701958,0.884563177610835,0.46517716931609,-0.0954857978941619,0.257159879262489
"TCGA.D5.6533",-0.098577408283769,0.547947199719465,-0.127371344776985,0.798165036352807,-0.524560512954279,-0.131092465151426,-0.740088396182846,-0.466693078115103,0.120972646216622,0.330491162284014,-0.508944723021176,0.360069147849716,-0.160164889703954,0.741062445497926,-0.494915929221843
"TCGA.D5.6534",2.24502629166767,-0.187923536893903,-2.06915439358967,-1.59446976347039,2.16001964301132,-0.705256237105091,-0.58929231862054,2.20260574982306,-1.6052577939914,-1.55296499025849,2.65248400342676,-2.42754445174025,-1.89346039213397,0.487343196893028,-0.431698420512178
"TCGA.D5.6535",-0.0902777893278246,0.0499590393571234,-0.431346166241112,0.172615263155908,-0.230915037305601,-0.341318841156986,0.135593360631859,-0.117354011183115,0.483588787495188,0.0654756900675357,0.131775631329862,0.160967109567935,0.140482593826483,1.39972436400536,-0.517687432021493
"TCGA.D5.6536",0.765302691020207,1.01224885973084,-0.924602280442018,0.222515766284549,-0.13905798780733,-1.27461803399828,-0.382229271006825,0.238924040901325,-0.556326603964726,-0.421799322698413,-0.119192626447255,0.271832995504364,-0.784051667345334,0.105462035231338,0.105090106313722
"TCGA.D5.6537",-0.563565925906265,1.02541057330551,0.0081203999968457,1.37185415910709,-1.3657613236829,0.0337935083081069,0.278567397800188,-1.10415312019109,1.14836248717603,1.22522136022807,-1.00006000896417,0.862761815773574,0.8711598786248,0.760390835286242,-1.14629998244885
"TCGA.D5.6538",-0.694341949431533,0.250874870942989,1.01304831899033,0.910539918391098,-0.940924428760211,0.581282160447281,-0.830586733601684,-0.568100440262349,0.299364550460265,0.6600312669694,-1.14324551818295,0.895612420616068,0.169319369968236,-1.38497304869646,1.56704623361676
"TCGA.D5.6539",-1.00426923996595,-1.41626232922839,0.947629883659896,-0.328207964831678,-0.0848618136492658,1.17341805037371,0.940921512497555,0.0360935156654484,0.527884916115531,0.180869945479713,-0.0299506524715346,-0.0917403506568273,0.917848011512672,0.753882414738254,0.306452818702899
"TCGA.D5.6540",0.377282678951576,0.772645664690817,-1.07413871268259,0.346547378549394,-0.755736560753642,-1.03691953216836,2.30806087161973,-0.661735258939073,0.760259370156106,0.593093426611608,-0.121909184627494,0.527120428016088,0.089909687533171,1.32661656035096,-1.88685605823007
"TCGA.D5.6541",0.768264001254097,0.580010256433464,-0.94086893344447,-0.133754379919591,0.525322092926695,-0.0347853065679946,-0.841053891084692,0.569700254441375,0.00872036532889799,0.101458295960622,0.984233132424225,-0.942614013576438,-0.596844258050076,0.705516247218333,-1.05431711647564
"TCGA.D5.6898",0.911880843087089,0.348287314139111,-0.739836144436228,0.0224883784662775,0.332195710764701,-0.0481253604170157,-0.592985989615845,0.681088266959462,-0.600164667520544,-0.0453295136669373,0.672016838962616,-0.954506863784785,-0.810950796581366,0.123861988495619,-0.0964582381079813
"TCGA.D5.6920",-0.487658730290162,-0.816631449743197,-0.0139249344920961,-0.141883106518089,-0.105914225774137,0.813055173717094,1.30335771081817,-0.0328512221442157,0.567742447766356,0.496573289928445,0.2584662698624,-0.419755370068098,0.971568726195104,1.3748471347229,-0.660863396735414
"TCGA.D5.6922",0.905858161403481,0.00130046498989862,-0.478916901614537,-0.0642129286639556,0.468371346084663,0.110645194088419,-1.14317880055791,0.881222882462868,-0.765248003714251,-0.233901304162443,0.701890926410649,-1.02346544034737,-1.0988434456343,-0.513984738955592,0.653386235387886
"TCGA.D5.6923",1.19501977093746,0.729106316180845,-1.23970898951714,0.465643919304598,0.0870518908218891,-0.0750426134848834,-1.12622983408164,0.595038415901891,-0.320489525158212,0.0564273851906955,0.86815089656923,-0.97134111621535,-1.22530314510405,0.0963033160843274,-0.486865658134914
"TCGA.D5.6924",0.964537764703962,0.814391886374893,-0.98011305248754,-0.189766394067864,0.372125778736652,-1.49112335846508,-1.22019153299238,0.367497263394285,-1.14434932277323,-1.01584486436218,0.400571866383278,-0.109317438231227,-1.4051060892259,0.824115172378421,0.0639721350636157
"TCGA.D5.6926",1.08471293372207,0.743292569655485,-1.15265055788884,0.250104632452479,0.247815368153823,-0.785408057826286,-1.25655565370153,0.457268485729392,-0.510503728647042,-0.285820029730262,0.686587958441782,-0.537996790541243,-1.34690785637511,0.509377073877534,-0.361030458266883
"TCGA.D5.6927",0.500346349221854,0.513649241946477,-1.08316354083482,-0.0239549629787377,-0.1419059500845,-1.12161735553459,1.08487400956902,-0.31971388308961,0.049291907494427,-0.281456343200352,0.121162429257179,0.0721341910618604,-0.51311180905895,1.63725144581391,-1.43738584856207
"TCGA.D5.6928",1.96050540398595,0.177665424874886,-2.28172270432578,-1.37565080162037,1.36513089607071,-1.76507384777608,1.03623043122983,0.999082084408891,-1.44532511626723,-0.991013901307396,1.93264655919384,-1.67084567668107,-1.10263726432486,2.54723936772154,-1.7390152536546
"TCGA.D5.6929",0.300366441686718,0.936939733753567,-0.293704379128533,0.522874995050384,-0.0284771189611402,-0.811015883534298,-1.12630219792826,-0.190463409852725,-0.261550676732839,-0.202240361623958,-0.24326322990412,0.330015788348427,-0.527224998063389,0.239097201634791,-0.304589687623938
"TCGA.D5.6930",0.67882473693979,0.364547743183163,-0.990176606273378,-0.409665607137462,0.293674569144492,-1.24222104025715,1.09567922871313,0.123089336118649,-0.28967986429065,-0.578754191197675,0.263305275037185,-0.206167838317583,-0.40738911099083,0.793870249644692,-1.317361429017
"TCGA.D5.6931",0.135700506806341,-0.164917820903881,-0.479136279567832,-0.211225898167954,-0.17337222984755,-0.226224458814338,0.860092269714733,-0.00830746428283659,0.157543159902252,0.00854505020307866,0.375046704068143,-0.261887665161978,0.0259528570072424,1.20760386885389,-0.647922206747601
"TCGA.D5.6932",0.321086726699155,0.770690184153338,-0.38485709685798,0.657800821328175,0.079964854694581,-0.191614401666287,-0.918346494572077,-0.00436183230063085,0.0418134833571691,-0.0813041560539968,0.0350541155627291,-0.132689004523376,-0.574892528530544,-0.0866047287415957,-0.169968564071494
"TCGA.D5.7000",0.295910509773898,-0.0979702890379952,-0.700021727124723,-0.0145695139268829,-0.0132902122511202,0.171736307881288,0.397163634538403,0.150713429667367,0.316808079199671,0.227223449921651,0.632544900812036,-0.565941966321822,-0.214623397750826,0.926697539413534,-0.687502810521581
"TCGA.DM.A0X9",-0.601487009702742,0.355063720628991,0.417932453622359,0.830852509347031,-0.698414646042354,1.2300139505982,-0.263464686003535,-0.481800813423484,0.808590790019637,1.36876717977428,-0.364279991686561,-0.0997478031973801,0.853041464834346,0.0210880866927278,-0.325678114099308
"TCGA.DM.A0XD",-0.286974084975828,1.00380932030878,-0.130017126035323,0.973540997789877,-0.903909573207276,-0.214087858502097,-0.0574827408182118,-1.04040899449477,1.17370488055308,0.71637187910301,-0.678636853334714,0.855674953442846,0.19843012563695,-0.194827681647888,-0.890378450155262
"TCGA.DM.A0XF",-0.137179205157019,0.942232242090478,0.0582042047772972,0.991313930524628,-0.627233881186652,0.852843400935142,-0.366297196985347,-0.497797386447783,0.867912492863126,1.2539874683085,-0.333273753823546,0.0321078972217648,0.427460208012817,-0.35863491931278,-0.558775421042427
"TCGA.DM.A1D0",-1.3415664172603,0.407714765157255,1.38482836272692,1.49709693037005,-1.45435935272412,1.42776567443086,-0.500824501935784,-1.16857561791092,1.4406464622907,1.88670587323099,-1.3837578289092,1.04991464469269,1.27278152274153,-1.51095630468377,0.443500653889157
"TCGA.DM.A1D4",-1.61036254227221,0.154501071773918,1.20643178681318,1.25453802245061,-1.40377080697453,0.807011336208172,0.320326975063765,-1.6264298136152,1.61467677411667,1.73032621942082,-1.52082832882122,1.30958616801062,1.49928321482103,-0.0377225620383824,-0.289409863258395
"TCGA.DM.A1D6",-0.753534467699757,0.0410189025519624,0.688028711054878,1.0262437090423,-1.43726623939005,1.29293562460664,0.166097832002457,-0.712148393450083,1.08035195994076,1.92928732851154,-0.838460662222236,0.523477400774203,1.09411662476207,-1.41131572831712,-0.0126691897190809
"TCGA.DM.A1D7",-0.705591964666565,0.192427422079031,0.521911900505801,0.743782499935772,-0.476232120588126,1.10657206156585,-0.0244399927419479,-0.562486258467256,0.936358022508994,1.14132217544435,-0.534329439663423,0.116358044498395,0.937878043520525,-0.637243577623318,-0.371742128759475
"TCGA.DM.A1D8",-0.603492922656815,0.634281384016428,0.589616109698654,1.15128696404106,-0.820800486860162,0.868677266685374,-0.291777481529434,-0.935091767741248,0.905112907925386,1.59147859012825,-0.763997672327289,0.559204732118094,0.66884053103993,-1.37740606358384,0.100873816546339
"TCGA.DM.A1D9",-0.512030106509369,0.490648850318788,0.493638141502313,0.956099973783825,-0.866939277999401,0.96153598191386,-0.612589014948019,-0.494766503622596,0.824895526373678,1.47377342866996,-0.500180189150561,0.32305094004641,0.722534753045641,-1.14081760929613,0.109803790650584
"TCGA.DM.A1DA",-1.0567672882817,0.680453066983883,0.773641756295138,1.6595920319736,-1.17830308425553,1.16032028238885,0.86976758861796,-1.7063318200822,1.75159711733285,1.85242969967385,-1.31228676263504,0.766220266395595,1.03657003207519,-0.170610147220017,-1.08182593536765
"TCGA.DM.A1DB",-0.754660259549374,0.848317069983219,0.7977055237275,1.38688785261616,-0.894742465848504,1.25766665902849,-0.888191075692785,-1.23061870031281,0.769020468925044,1.8679215719074,-1.07487504326701,0.367645315456981,0.974016749066339,-0.134819443040722,-0.201455423178176
"TCGA.DM.A1HA",-0.603587752472294,1.35129180291603,0.484748762471423,1.50913281246599,-1.4135368316019,-0.348774213383209,0.529159461682746,-1.82722065407863,1.14251863409485,1.10513157879714,-1.61895092186996,1.77441712960358,0.391002266169867,-0.497895929288448,-0.442307235156648
"TCGA.DM.A1HB",-0.505932460515855,0.62800254644123,-0.200844370378127,0.867801845785291,-1.17607363377023,0.238434301699083,1.85619938110876,-1.15162599921359,1.66572708369535,1.29969483982697,-0.822908702290738,0.816366017332778,0.950220137125845,0.327444002601076,-1.45171702731051
"TCGA.DM.A280",-1.02587460160467,0.561560988742403,0.580094185091746,0.883448435787655,-1.03415140540042,0.28556785841733,1.03920064760328,-1.0716309044917,1.51238782677499,0.603017400413566,-1.25248222223312,1.27094335122593,0.652653110494018,-0.039434801839199,-0.51282683432904
"TCGA.DM.A282",-0.649750888366443,0.416306598581629,0.890442966805917,0.820151358568026,-0.564928604813922,0.819786154909092,-1.25469552723105,-0.51388970346561,0.426062344071927,0.72796197666067,-0.777877037654499,0.630879765095624,0.419895533210007,-1.62981235766762,0.740984560600323
"TCGA.DM.A285",0.140576519185106,0.316797734974084,0.305530805795972,0.67982774864786,-0.406442222843201,0.635956893080648,-0.713003201006706,0.218140248210696,0.177526201321496,0.70826917793166,-0.29350529018965,0.0166358619074441,0.0685004113335276,-1.49676006649303,0.973809658591895
"TCGA.DM.A288",-1.45861504764973,0.343137462257822,1.13673723955145,1.34024888884253,-1.50129926470936,-0.114913783468527,-0.0746606516844492,-1.81446024223013,1.53047659555519,0.803851555720467,-1.83484562308459,2.07113504546688,0.747513301624481,-0.203405406102274,0.108148827752143
"TCGA.DM.A28A",0.0619595827036838,0.967625245935647,-0.012558947451823,0.946327995964503,-0.741780164766382,0.0523406415506715,-1.10647443479861,-0.231260565126963,0.182852321213989,0.601702686402347,-0.462329580228061,0.295267529872138,-0.371542163415428,-0.231178643664401,0.0300513811246225
"TCGA.DM.A28C",-1.3408448449842,0.166364075498381,1.37506913698408,0.918967363570379,-1.27096905341068,0.797236512740804,-0.875968118311274,-0.916618216755181,0.774463107746243,1.27036699756575,-1.33649962980414,1.2462976234175,0.834663971150114,-1.28059352447427,1.0424507870092
"TCGA.DM.A28E",-1.63350314838856,0.27435760665224,1.30909718190235,1.41784910648988,-1.48593376967292,0.693353617646924,-0.776799142493576,-1.60307077214898,1.18398728876974,1.12723941013425,-1.68855530021575,1.67439629030713,0.972739659541093,-0.448018188110591,0.47420396213233
"TCGA.DM.A28F",-0.905771425178265,0.221897855258396,0.61368830729396,1.45917924345938,-1.07303283730047,0.878986916206098,-0.417311446118575,-1.04655203596125,1.49283731548713,1.42202360933195,-0.916233160842009,0.56451194137326,1.00807034108643,0.088198720066501,-0.558134488462027
"TCGA.DM.A28G",-0.836142847389632,-0.0766157664091325,0.959882357530995,0.502690023941662,-0.688917691893755,0.54886192835035,-0.406592637936077,-0.399104241897388,0.559646289478667,0.59222321498664,-0.703952924145387,0.645040806146908,0.79322235612275,-1.00171821242602,1.01292233808854
"TCGA.DM.A28H",-1.01913595402474,0.568658507822573,1.20091212201981,1.32798323950752,-1.2031449485676,0.835078186909652,-0.332061589985903,-1.40438907309808,0.829103742250372,1.49544713892844,-1.56969868561374,0.913219008978515,0.860307642643048,-0.632702766728271,0.0232095718817722
"TCGA.DM.A28K",-0.862426676925264,0.471414489643498,0.579145303986103,0.915133529242304,-1.3742799063199,-0.156376651345295,0.928598084284805,-1.3104663543333,1.08323655606372,1.16216596148843,-1.49550245254328,1.41532753125529,1.20613161867686,-0.192684983170746,-0.0560852134623359
"TCGA.DM.A28M",-1.59472069361197,0.473709579465323,1.2509009025248,1.44519617853217,-1.446326743231,1.45444719684173,0.345823946003672,-1.4366241124687,1.86446145503338,1.98607385698843,-1.55725955306738,1.20963361994063,1.84578179113889,-0.694139264528482,-0.408020959666833
"TCGA.F4.6459",1.17447666146585,0.0250211050681015,-0.479204770951683,-0.456082614303919,0.83951026006266,-0.065705744985101,-1.43714943145746,1.43266696660828,-1.31869717832839,-0.906960745431756,0.839560131006383,-1.05868033377738,-1.49582026140276,-0.945221657409471,1.22324582635047
"TCGA.F4.6460",0.791402331843058,0.0210181469077841,-0.148592284042845,-0.292291124927677,0.823125763749788,-0.193460010613673,-1.26748913330983,0.846607972750521,-1.20829818056065,-1.04774970025057,0.424668225940214,-0.595421496999525,-1.00077319042145,-1.18420295461724,1.50381822477573
"TCGA.F4.6461",0.729391356440897,-0.0651645813282378,-0.660923301852331,-0.722412995141173,0.423079121039226,-1.18939200369841,0.0890130890639996,0.674383383945244,-0.93550484687172,-0.83679175933932,0.598691830027239,-0.22069699890271,-0.846926416522672,-0.013075272011754,0.231208543210487
"TCGA.F4.6463",1.0809530897781,0.357842879240321,-0.649937364057875,-0.189446203368472,0.250355889888366,-0.691748923022419,-1.09986882644638,1.08065549422567,-1.15461512422709,-0.949808330909048,0.517423749735809,-0.555285328344593,-1.23744735225427,-0.830291440849976,1.01235354898253
"TCGA.F4.6569",1.68723672212779,0.773357523033877,-1.4999884284027,-0.706413035189027,1.20969379256903,-0.403038108134304,-0.894973880491676,1.42183070978587,-1.22294018037431,-0.839587867841484,1.52360605400561,-1.5361984529736,-1.99975008855079,0.0664373549473117,-0.198847229816841
"TCGA.F4.6570",1.00056585322096,0.607723818013551,-1.33079600470879,-0.341512935227447,0.444882890752876,-0.811891959426011,1.2627947987241,0.181140695405385,-0.106815684825526,-0.211730485941795,0.964612644203177,-0.600144623885482,-0.693418021250203,1.99077202518516,-1.80252085124301
"TCGA.F4.6703",3.03816116368493,1.02444487373589,-3.23860179293785,-1.52615132917045,1.70596702678328,-1.83698014568713,-0.126610582925948,1.86679123313797,-1.84667485893954,-1.51748894104916,2.72609336364829,-2.06828558375319,-2.18952915004763,1.37860099624369,-1.37220696850003
"TCGA.F4.6704",0.637816806273475,-2.26482301521511,0.38871078823195,-1.78053790586818,1.68030119634677,0.934780707474776,0.129239367510961,1.73803094578303,-1.37168282899078,-1.33853843192956,1.27966138967475,-1.58715969936434,-0.381237916626569,-1.97525190439536,1.70557336004904
"TCGA.F4.6704.1",2.18647645216663,0.210937535173864,-1.53123761728914,-0.821743632693671,1.34481892441293,0.18924561239039,-0.61475181495959,1.71179607893998,-1.52519968452231,-0.0438721971756518,1.74837340159858,-2.27852247553009,-1.3186351430395,-1.11661524626998,-0.213576243874025
"TCGA.F4.6805",1.25058060886117,0.066205557808125,-1.16396707923778,-0.720578993916648,0.716917617490544,-1.02713094401448,-0.234351350972348,1.06822723737135,-1.03594832666487,-1.20751480776823,0.970048444881067,-0.79630368814772,-1.30583046995231,0.25798850377653,0.00620449032444471
"TCGA.F4.6806",-0.446101145678654,0.214159591315669,0.184421936731885,-0.236764730503102,-0.154767630794341,-0.730844287513208,-0.37547052300497,-0.18989732239111,0.0676696722264703,-0.50683854201303,-0.36104924169868,0.857965761478205,0.01779614450387,0.0725292922457444,0.471607547081991
"TCGA.F4.6807",1.71698036255716,0.37639107895883,-1.59153720008557,-0.852843523775702,1.14387711745672,-1.37488607942344,-1.08468512606925,1.35000140198862,-1.48094456315454,-1.40735443072481,1.36588839465761,-1.11394364220443,-1.5733762579174,0.163240070058243,-0.0282361377152512
"TCGA.F4.6808",-0.999620464352435,0.843123678926891,0.838489587444058,1.16850353450814,-1.00724836469075,0.0212399360349454,-0.564320812590391,-1.25689930199623,0.747659612285325,0.542634433607013,-1.69143487552427,1.51667066255924,0.537237446034559,-0.690233804825584,0.344406606279285
"TCGA.F4.6809",1.34717158246696,0.0237623463383416,-0.876432866417332,-0.754743053797657,1.55832724389246,-0.413717117684146,-1.27537399214041,1.39503864724271,-1.34782141019683,-1.31804742275061,1.25124708857158,-1.36346176369134,-1.19667673424815,-1.32441706831566,0.720849387003628
"TCGA.F4.6854",0.442789807138531,0.232181422157701,-0.305049298438543,0.279396835478681,0.358109419181215,0.702689465328702,-0.933238342952262,0.479236329758914,-0.278135029835531,0.117882277906224,0.513911140821612,-0.847276597078721,-0.269463759886627,-0.518658957983006,0.148935041296567
"TCGA.F4.6855",0.711018187744364,0.568415835524641,-0.531229218858201,-0.271196605347982,0.353874412042539,-1.27455698759606,-1.33559912549505,0.634720845363876,-0.840284416248309,-0.992297068456862,0.442425581230721,0.129904408863012,-1.6344194551509,-0.326603551608757,0.490981266453821
"TCGA.F4.6856",-0.630998691178677,0.00394702140824896,0.276244425125666,0.116714918867743,-0.812501862184543,-0.901475034519422,1.43510568032882,-0.865602490061411,0.561245658693761,0.160885179663403,-0.931863649351324,1.25019257237649,0.316105927154594,0.589981916877137,-0.390191287045658
"TCGA.G4.6293",-0.463475570405527,-0.0788774084036692,-0.00886962622784938,0.0350734531981602,-0.366189604084032,-0.114641923256591,0.616500641259075,-0.259435999603412,0.344683353899342,-0.0067380305031159,-0.203742280227374,0.358085870333358,0.468235005813068,1.20515999689338,-0.125192058961292
"TCGA.G4.6294",-0.521347396446891,0.467301297985515,0.474144625120468,0.795396543150395,-0.583523762230619,0.209398903523649,-1.45706144648725,-0.545144585353345,0.332337971270575,0.508770543372257,-0.611166756504833,0.706334255278095,0.202370334542489,-0.438430333162939,0.63053552579852
"TCGA.G4.6295",0.0533219604933153,0.772996785459868,-0.651626059948467,0.713719256424992,-0.548172266407221,-1.05434136649499,0.209744938766761,-0.907383092185664,0.149628942988575,0.164311657776125,-0.563086354764962,0.423065922325756,0.0849181211774019,1.67692130091125,-1.29340474949042
"TCGA.G4.6297",0.926170660363362,0.194440109948616,-0.892907705003371,-0.294861088497067,0.437665497161463,-0.487250137874988,-0.79522541100804,0.794160112219461,-0.587602175898087,-0.761227807974233,0.878366704457098,-0.659286658233663,-1.18437305158346,0.491807449623808,0.131976213064997
"TCGA.G4.6298",-0.0417704367941678,1.06691932339425,0.128507048177061,1.16259171666477,-0.886906017182699,-0.943471270375336,-1.48635017046649,-0.747038951092207,0.282747833872553,-0.066881314734635,-1.16909097477957,1.20548051553769,-0.687481470966047,-1.27395392962366,0.369695700089335
"TCGA.G4.6299",1.06503534161318,0.895698069961626,-1.1484540299074,0.0144834283731393,0.0985323379998669,-1.17607917091915,0.690742876479208,0.124088516681947,-0.236512249760353,-0.112483421153224,0.568741872725604,-0.177080235155894,-0.927785615240978,0.681733217869945,-1.0099539618436
"TCGA.G4.6302",2.49551861359839,-0.0660920973772107,-1.83635139421399,-1.66051264454514,1.90750624655024,-1.60250394129392,-0.539007088276028,2.17741434915753,-2.35861226341729,-2.50705652931445,1.6963724711401,-1.37916963549634,-2.66000306110541,-1.3784754333199,0.929910968263804
"TCGA.G4.6303",0.563631494580763,0.137322923063946,-0.376102018760798,0.256772194978583,0.165914979783297,0.39617521352552,-1.19403733644272,0.648136205382866,-0.283221848092266,-0.0348140031857975,0.582458941784121,-0.711342930319495,-0.691204843376841,-0.212715381950156,0.625881886869499
"TCGA.G4.6304",-1.4071172085759,0.989337730627928,0.923856094921851,0.93915975167801,-1.57665324457656,-1.63900123122362,1.04201712119918,-2.16279859018214,0.868258004354603,0.483074361434401,-2.2343708533627,2.65932529215719,0.712592490845139,0.308517034872873,-0.206548494059291
"TCGA.G4.6306",-2.23629422245341,0.138939568625961,1.78960130883566,0.987872806607856,-1.35990747993227,0.48931585768321,0.673306224880444,-1.95743841397779,1.65977221977994,0.43899906918907,-2.1518796278998,2.24719568784398,1.45389596111206,0.725049769278097,0.440414193480105
"TCGA.G4.6307",-1.0490712000666,0.35425444143308,1.090017648013,1.42672905839104,-0.796544359340869,1.31322887744938,-0.344233071810289,-1.02945638049623,1.22120561095005,1.61913877696544,-1.0826013198904,0.435403641622972,1.22187169399197,-1.53843959555197,0.030061726917534
"TCGA.G4.6309",-0.657837498898016,0.259843822581581,0.35284224377847,0.630460419395242,-1.00284367317625,-0.17837065812264,1.35703740731773,-1.031186605009,0.863072756517314,0.598490689417209,-1.13031567841876,1.01956519287274,0.857129239716812,0.261041157520795,-0.361692754433983
"TCGA.G4.6310",0.356868588307805,-0.00819913679014789,0.609656269662586,-0.0672787352433315,0.284268953604015,-0.793862575074536,-2.33509486504934,0.340087081242737,-1.18721446674849,-1.50140729553682,-0.749417642728509,0.985874664694615,-1.52694812132532,-3.27387197969542,2.62662061931754
"TCGA.G4.6311",0.324956752750143,0.292751447139844,-0.535614247888632,0.0376144363423831,-0.141577741895458,-0.788986887864344,-0.341084870602408,0.0546404059805049,0.0055363792919108,-0.283980514215432,0.199701481697843,0.0034707270816193,-0.495046210813168,0.86771908609673,-0.573300393929067
"TCGA.G4.6314",1.61599064975423,0.368835298480499,-1.04036272293481,-0.152245319705781,0.752098244318033,-0.670475759999631,-1.63103254463985,1.16038201721971,-1.40218645269588,-1.11483150795866,0.853788499469836,-1.02657347608768,-1.76115738473157,-1.29801593819908,0.619361018346434
"TCGA.G4.6315",-1.47397225728779,-0.257063203388755,1.3526059570755,0.869596721823537,-1.03502700861643,0.675505357654954,0.180859252836108,-1.10557072643931,0.92019845855758,0.695422639265824,-1.49459402434696,1.19849288061326,1.10220007970862,-0.475218971045753,0.427033129937114
"TCGA.G4.6317",-1.66211695591897,0.92936599612426,1.69534133481049,1.7323343945605,-1.55479062902277,0.215963687525517,-0.908331379919097,-2.00989106649803,1.24083564086976,1.09166631522258,-2.41240849403201,2.29369524759284,1.00331918673654,-1.71910966997567,0.539408398143726
"TCGA.G4.6317.1",-1.37407835408136,0.478528660572852,1.43131649833322,1.3628576828308,-1.02696563856826,0.169826301207217,-1.19490318823213,-1.22365894669936,1.13283144399745,0.513361934496996,-1.66540391944852,1.71310929676342,0.348593691157485,-0.981809390846775,0.796189586705285
"TCGA.G4.6320",-1.252501351556,0.197195420825008,0.987484212100192,0.553476412854136,-1.00822023041036,-0.285107943633097,0.935797805020951,-1.30018555113022,0.975446007086354,0.62447634055221,-1.40746056595614,1.54129316456347,1.02350185680996,-0.25015310761186,0.18931266947844
"TCGA.G4.6321",-1.9301784076405,-1.99679721219038,1.54348247869767,-0.921794946997452,-0.106623338732561,0.746995022691126,2.39781411359998,-0.428758960410001,1.2938165096299,-0.371735664379903,-0.559594742382735,1.11569923183875,1.69720803589897,1.18655359255648,0.375654911007051
"TCGA.G4.6322",-0.16851440025325,-0.0475012704177066,-0.0135470056362135,0.261537586006842,-0.353950465659376,0.297206854432963,0.746170580982046,-0.111885272916289,0.284677655600462,0.866962457415261,-0.18751768408148,0.011081120128633,0.736407969836153,-0.0155743184058418,-0.32428382972168
"TCGA.G4.6323",-0.773955093626033,-0.385338940824934,0.489052022814692,-0.30565135455678,-0.294827961736375,-0.654698046263743,0.253402536025443,-0.366960408124984,0.0903931049769705,0.0160562474246394,-0.435612188110929,0.705166507426433,1.17089091226903,0.443990682232626,0.260178125553298
"TCGA.G4.6586",-1.24855639143649,0.350288812257373,0.379795393239195,0.982193725333692,-1.1606795163446,0.251587765058001,2.39359086406871,-1.86122120712568,1.92192993521307,1.46950673202124,-1.22343815848504,1.15237255230066,1.52522558182607,1.47708147988562,-2.03898434990447
"TCGA.G4.6588",-0.0593330796781639,0.60239582281641,-0.600853204719362,0.491162629029213,-0.974145747126393,-0.758926064048328,2.02478301636064,-0.941964656843605,0.962587395055636,0.577987937874874,-0.464219998486712,0.737249211214141,0.289701180117796,1.37935397457823,-1.43948557691663
"TCGA.G4.6625",0.586499569758004,-0.101728177563679,-0.810271631843613,-0.454937558872933,0.819273381219274,-0.481979864969132,-0.0951830593596452,0.48412959523583,-0.613042412698864,-0.571948944911585,0.842094336385524,-0.963318262381045,-0.342429717143606,1.00345461962869,-0.685274227666615
"TCGA.G4.6626",-0.78024866937839,0.781021126950842,0.527443502777432,1.58645214457732,-1.27043312618683,-0.0828213535847441,-0.215678516942899,-1.18936479726,0.850693407237077,1.06902606485617,-1.55873203786695,1.08961048092354,0.745079608902632,-0.0951048437424806,-0.302200023660056
"TCGA.G4.6627",0.868016698819578,-0.589962967493646,-0.696465859803082,-1.14075916844652,1.15460116485106,-0.302187821635207,-0.148352238311173,1.32898441330107,-0.939788389841137,-1.23783010342119,1.19418418695082,-1.0479567749038,-0.645762021696628,0.00655359621035351,0.519292293939786
"TCGA.G4.6628",1.01194444264123,0.522594026361777,-1.55198418536529,-0.511642428060958,0.454953124877464,-1.18899157890561,1.60348266033826,-0.179861102482432,-0.358057273426774,-0.121160688445198,0.729299481922216,-0.657941298594076,-0.480963001771359,1.70853995100866,-2.32824157140916
"TCGA.NH.A50T",-0.990337860737873,0.725551612474144,0.820797637082341,1.59042053666384,-1.6326869200337,0.219954172775524,-0.464458770352673,-1.5711962827,1.04497206710765,1.12521959695682,-1.62075022789317,1.31712627139736,0.588073964976208,-0.639150617752311,-0.0201581109988689
"TCGA.NH.A50U",-0.325120861520063,0.4774237663952,0.307936910371415,0.957056228027447,-0.414604773895151,0.977001181264873,-0.488384906569775,-0.470170915245514,1.03054743428363,1.16363936395984,-0.24559578236846,0.00678167851017928,0.466199817119611,-0.618135445888928,-0.152355682244945
"TCGA.NH.A50V",0.665228560937236,0.60391060433792,-1.08584351269052,-0.00725385517487831,0.128986088619795,-1.09823148930611,-0.647811681118424,0.193389152032392,-0.320010145444995,0.0279863279992997,0.57001402541292,-0.0617038171519992,-0.343712121388889,0.452226152545238,-0.447582378277289
"TCGA.NH.A5IV",0.147926241432224,0.245399556752513,-0.313359531935488,0.00624760823825168,-0.173978403077623,-0.424133936053966,1.05047737918202,-0.533101226073595,0.184107936934309,0.798045862376948,0.148439016188219,-0.0489541211824774,0.128807637827643,0.74916395827189,-1.00138809841203
"TCGA.NH.A6GA",0.123146361606847,0.172978608142273,-0.0840434825397716,0.325468648311948,-0.189040928201643,0.71792715616991,-0.210750638613481,-0.00414773564323937,0.333218390784545,0.506756846949146,0.128362001248916,-0.272428526808443,0.0399147064108803,-0.34747751040059,0.589161087172641
"TCGA.NH.A6GB",-0.443960458914117,0.722694441909262,-0.264642682274104,0.706183431405071,-0.994505305202343,-0.996916158849258,0.519726137962897,-1.24860725673987,0.70978072133478,0.0028163321862919,-0.888625076636294,1.22576259597553,0.109756455996879,1.55931243662897,-0.741127240667575
"TCGA.NH.A6GC",-0.254786206394002,0.0711184927906042,0.394612110188372,-0.118950286803752,-0.324920607353249,-1.31038793965216,-0.456012247079393,-0.210775474075682,-0.249488091342888,-0.575693695106067,-0.565938627520882,1.3331306314985,-0.508614654690558,-0.632153882890667,1.16587798608955
"TCGA.NH.A8F7",-1.77723507376308,0.0264196532461023,2.08981367289898,1.53919231663281,-1.33509699755941,1.48281534797552,-1.12732081626328,-1.4418039330803,1.07956683361076,1.39888891280686,-1.8579805763131,1.44046725930837,1.264622781351,-1.32998033120166,1.46073923821924
"TCGA.NH.A8F7.1",-1.06355738318111,0.273224087838633,1.21375282761763,1.0989897946381,-1.06220715570794,0.591107915523692,-1.21628929451688,-0.925955261299609,0.324118634083835,0.66387708962825,-1.22072533815509,1.21520393750349,0.40778585975743,-1.13747498621284,1.63184363577191
"TCGA.NH.A8F8",0.408144323666349,0.682543080118495,-0.351634894601375,0.3484854989375,0.00105988289311837,-0.889055273572889,-1.51538397422895,-0.0212256850614972,-0.396712468277966,-0.667266189859313,-0.142923388558328,0.352126139625115,-1.0284733155038,-0.338180348476432,0.576292515058591
"TCGA.QG.A5YV",-0.898124406855102,0.2154674537097,0.653607737388225,1.10214015999417,-1.04514985862191,0.773002853662095,-0.0718923316972054,-0.831354772882217,1.11534967326256,1.13362491312931,-0.832110252916337,0.546237269506726,1.00085919224771,-0.0677366696008716,-0.0992716557794045
"TCGA.QG.A5YW",0.00801730646583348,-0.0132582499542819,-0.220132565507239,0.0634427544670474,-0.0206444168210256,0.00124935269280557,0.240952927019641,-0.130028872932959,0.225723194648817,0.348511196088431,0.174596076736199,-0.240317403119888,0.566375017630263,0.178742226838981,-0.479403548332487
"TCGA.QG.A5YX",-1.84280902572066,-0.745839956476182,1.63230907666773,0.742045451209459,-1.18844518942578,1.45198439264276,0.76308747208581,-1.15613659478067,1.60683899408993,1.50817026265117,-1.23441823622139,0.970238803525898,2.0055425882489,0.0320788800202975,0.148656321047834
"TCGA.QG.A5Z1",0.135945622455387,-0.227424429180562,0.289849144832096,0.279454667778499,0.144134837332982,0.90512602331257,-1.4524202857049,0.637395673646897,0.0129083538863858,0.165388163757116,0.368135685408516,-0.522493104890641,-0.509110479649647,-1.12423912729929,1.22328141944507
"TCGA.QG.A5Z2",-0.705098903744609,-0.549170962762664,0.142026539777086,-0.131759523592716,-0.552560255173542,0.465333221543344,1.50470414150506,-0.574931835685182,0.810111150791117,1.17189618632443,0.0487812532603646,-0.0465102005888003,1.56060814785609,1.23361526192949,-0.844319841732993
"TCGA.QL.A97D",-0.801981002022248,0.12633107819667,0.154763086869134,0.604455030024642,-0.724485791503401,-0.220984275614058,0.350842496490412,-1.1347075576017,0.869586755855484,0.582982472061833,-0.671972406150131,0.741685936020521,0.79944810655709,1.37622570690662,-0.798151625879963
"TCGA.RU.A8FL",-1.82034484128916,0.700311663893214,1.52423227989162,1.99871906311619,-2.02077857803476,0.215273088103434,0.00746971468201645,-2.2745429070764,1.6035855314552,1.72302511235596,-2.46897516062234,2.24144396167848,1.51461229899351,-0.855751198749348,0.0651915850039312
"TCGA.SS.A7HO",-0.300596253845277,0.903746221489153,0.500866819408744,1.29193713361091,-1.00018074958451,0.0169741908374026,-1.08906215703769,-0.975229679927546,-0.040161998753356,0.61163055903398,-1.33924863740706,0.930574481594767,0.0344726059318179,-0.672118043500601,0.879395310280713
"TCGA.T9.A92H",-1.1332910557851,0.159219119767575,0.927499722193032,1.20671023286468,-1.1641541611142,0.669095108902528,-0.187270490056602,-1.14101763488865,1.28155893564991,1.19240511841185,-1.05073868713945,0.950964501301535,1.04913574999828,-0.390860817098675,-0.0840533200763666
"TCGA.WS.AB45",3.39264777781275,0.700756162598181,-3.36560346795864,-1.51915425928423,1.70294410814684,-2.59818199882065,0.0780098771384663,1.71173775751429,-2.65720447103654,-1.62411120872351,2.41750959733145,-2.06136567369074,-3.43971407431387,1.61880475148372,-1.84252719447313
