"","RAV188","RAV1575","RAV324","RAV61","RAV1008","RAV833","RAV868","RAV190","RAV220","RAV64","RAV834","RAV192","RAV438"
"TCGA-AM-5820",0.11869862939726,-0.192198276595647,-0.180501793832999,-0.136524337404818,0.221102027451494,-0.346869095664848,0.273589318001258,-0.312728285993589,0.00703458778749332,0.569883745428794,-0.390221333144244,0.0812490707517218,-0.619271432517484
"TCGA-DM-A1D0",-1.40582047904726,-1.35025446545842,1.44612608923266,1.01544962751687,-1.1521559984333,1.3230635300819,1.91999292015299,0.745144937190563,-1.55080257353561,1.47526986514066,-0.429887074144549,1.92199901059716,-1.58339781612631
"TCGA-CM-6167",2.40246648450533,2.06416903993918,-3.10271662825802,-1.82979193220583,2.45187725764185,-2.53518887245878,-2.81250245633069,-2.52217002265678,2.93031877740444,-2.37464139052019,-1.67709848234084,-2.27995107694885,2.18345449878085
"TCGA-D5-6930",0.645775110894696,0.400016907493299,-0.463014197909386,-0.364233927420926,0.309649620088446,-0.369298688034824,-0.871456077270665,-0.119427415480043,0.671755741737895,-0.735838858190528,1.18136371037547,-0.543384107179945,0.718708677129458
"TCGA-G4-6586",-1.31137393665182,-1.17988884376966,1.97714596310067,1.1279896016922,-1.93603823569594,1.57733936326537,1.44763072647625,1.92849927508621,-1.17739988711882,1.06648836239526,2.49126427656729,1.0790096340895,-0.820242319743811
"TCGA-AA-3511",0.0505094654578884,0.498201117084162,-0.159464542784243,-0.570144953227985,0.642911961750138,-0.318935531830092,-0.24176220202857,-0.5295024891015,0.502624920113839,-0.0407134179668718,-0.608664485568776,0.068167439393112,-0.144708220829533
"TCGA-A6-5660",-0.0709158523117788,-0.0358864791846137,0.218555514129563,-0.0980786801085366,0.0972907635198703,-0.115104467194636,0.31447132362908,-0.33044941244852,-0.090851202817801,0.430688279332936,-1.34090548101714,-0.0152588591292774,-0.340796541234127
"TCGA-G4-6311",0.286441724250289,0.33242757322538,-0.137289960010436,-0.133966500660174,0.232184461383326,-0.457591841664985,-0.537706730870425,-0.221635287555828,0.118349065218849,-0.398296467847106,-0.268671912937111,-0.583116920671155,0.71053745960691
"TCGA-F4-6460",0.760091438576925,0.571491183702805,-1.47656361292789,-0.791790938084573,1.1284715636847,-0.966988456382676,-1.40246327646668,-1.4657938510181,1.34493269807727,-1.01721018935495,-1.2036334582279,-0.601929348321608,1.07481298655839
"TCGA-AA-3713",-0.206317783795579,0.670428093430913,0.226003330167438,-0.715680433707326,0.112990425535281,0.619450063730051,0.244832450607097,0.11701863951616,0.250115322363763,-0.325187599233036,1.91852963632052,-0.171623907122177,-0.508242840236727
"TCGA-AZ-6600",0.527056965648422,0.818203449013448,-0.304208247424611,-1.08266685831563,0.82058518192781,-0.341545002946618,-0.447722589439362,-0.902337538438656,0.872956978629542,-0.654219461553042,0.0278517883257889,-0.0828203092965878,-0.163460201478347
"TCGA-A6-6138",0.789999198915551,0.827155677166204,-0.738889287113623,-0.880078387169,0.66617706140296,-0.727387739518302,-0.631643237857621,-0.550703960867992,0.798254242902978,-0.814612346689898,-0.269059098593119,-1.2901057608284,0.224182471555958
"TCGA-CK-5915",-1.49996891311876,-1.61670222503427,1.00184680943022,1.44448224228084,-1.20691916889033,0.811902778581984,1.1201202556239,0.983589697888634,-1.76253629602909,1.58047310577719,-0.276834660978892,1.13131579485986,-0.586006533745939
"TCGA-DM-A28F",-0.963294742377079,-0.853433766417744,1.50371040666858,0.482282310600556,-1.0140592287333,1.05643156214245,1.39386927353773,0.598482037847185,-1.06596048489748,0.99084733440378,-0.345602600441218,1.43573798574705,-1.23791248880916
"TCGA-AY-6386",-0.91083438036324,-0.455694630082069,1.33907370480833,0.348449090468541,-0.621965715848979,1.15293046064532,0.929170547662185,1.2150478776919,-0.875296895563999,0.811502094234996,1.30167935846232,0.632917797237217,-0.915696530308137
"TCGA-A6-2682",0.563373605114894,0.548750684332357,-0.485796106165053,-0.487398277019593,0.750870435110696,-0.280630127150306,-0.201785473513635,-0.470819928997783,0.538557216236412,-0.1605215872295,-0.402536604921012,-0.249197779001391,-0.0145285649159109
"TCGA-AY-6197",-0.68335124567145,-0.323427085193148,0.879382180205126,0.206978851572875,-0.728936463850908,0.801319869789837,0.632913228322999,0.666707374390079,-0.565345107221175,0.480816902508931,1.59719396806911,0.847083662140173,-0.784897429887739
"TCGA-AZ-4615",0.128766808226089,0.388547306310371,0.616915445687392,-0.0130398080635657,-0.19973786707208,-0.0876210454073645,0.254343322038127,0.581801298386516,-0.0631248357109412,-0.072471864483659,1.85720160912875,-0.719612380556972,-0.0366837542110234
"TCGA-G4-6320",-1.31537982569308,-1.37544246342551,0.932851271076155,1.55518079349146,-1.30110185256758,1.07197505138959,0.490868427588473,1.25268336224528,-0.983553732616512,0.952392331226888,1.02000544705999,0.833994440021183,0.585590233863982
"TCGA-A6-A5ZU",0.00188528778413912,-0.805483857901856,-1.13043281696387,2.00367216559367,-0.405145024276646,-1.76385146014453,-2.27680711228992,0.986558814003991,-0.152805332639703,0.0298018029317698,-1.27996339595051,-2.71850122519568,4.61419884663969
"TCGA-CK-5914",-0.206210597361658,-0.318622160082571,0.410793612422072,0.201562502659222,-0.508878301794905,-0.00209607808643857,0.672502836418286,0.373056929171826,-0.78734279452869,0.671180177527753,-0.558845302271931,-0.0310851352031009,-0.732867081624735
"TCGA-CK-6748",0.977435817169436,1.07538494568391,-0.914113363653111,-1.02016010935388,1.4426425924415,-1.35683934634153,-0.911066251317692,-1.31052357873422,1.08314482571787,-0.627357427140929,-1.62291493810723,-0.492457638377772,0.120762516024793
"TCGA-D5-7000",0.256946869320556,0.792393826874632,0.206148923980418,-0.759410561609747,0.340912413919083,-0.175134236230894,0.0410898246925855,-0.161518532596387,0.281461755533307,-0.199051611713865,0.476395862504533,0.147134954757711,-0.4828430139393
"TCGA-A6-6782",0.991406744955606,1.33535575673153,-1.12083701846925,-1.26821632246121,1.2855201224885,-0.861609997799656,-1.0822172640891,-1.35074718378518,1.73704186307396,-1.39723413781582,-1.55629227458824,-0.834381120638264,0.428316355046757
"TCGA-NH-A50U",-0.373676176080141,-0.140772908214307,0.993646944658256,-0.130329744874651,-0.361756045896588,0.510629139780485,1.10132085504969,-0.0959581779968237,-0.228794369856309,0.463924133494745,-0.417332573075859,1.47512964443508,-1.15208154878092
"TCGA-CM-6164",0.347651581874426,0.426886362671699,-0.281596171588971,-0.705427232140836,0.561853711883408,-0.258083207111109,-0.0427347630755607,-0.840002226196376,0.501949674359502,-0.437984481866399,-1.07137722827477,0.452121304905539,-0.615689232663208
"TCGA-AZ-6606",-0.942322678550274,-0.647654580639609,1.3866764462074,0.635925170197737,-0.752378890533869,1.17305158099119,0.967004551812769,1.09400150198336,-1.19299877496753,1.01102583158708,0.71750979593434,1.00122264858344,-0.875587637153678
"TCGA-DM-A1DB",-0.809849702613005,-1.02201646655495,0.705093474674043,0.266043608153372,-1.22237151845848,1.022130871862,1.89872491429334,-0.122481072712639,-0.839271092519908,0.73404476907042,-0.820831789074285,1.27848569571771,-1.68240321455203
"TCGA-A6-6781",2.04205934022267,1.76797083285803,-1.49385698641858,-1.40227245275881,1.69118944985674,-1.554094975249,-1.21081871229137,-1.2192707469137,1.68016307873289,-1.91408191003226,0.539735249074268,-0.964336112055996,0.830479198326556
"TCGA-AZ-6599",-1.58883772732764,-1.23517590924209,0.927078315591649,1.4812214202769,-0.997996608156547,1.59471388658938,0.630303031274999,1.39054423723611,-1.00343125087486,1.02860238952291,0.830483959329357,0.976450310408769,0.0826287427626739
"TCGA-D5-6931",0.0942624629522473,0.51876027800351,0.0304253803411867,-0.425436698593209,0.160944973048627,0.0671876779571569,-0.206502747768765,-0.0627621690294694,0.077923589091792,-0.381249844043715,0.943600612662849,-0.236426336416045,0.055000601843643
"TCGA-AU-3779",0.327392661435019,0.417980222671404,-0.417637082430173,-0.163060368050556,0.173064860345723,-0.29435604104563,-0.538549592831608,-0.223270597087238,0.515660469560494,-0.541481395948166,-0.878287309018965,-0.762113418507864,0.558209048920966
"TCGA-G4-6628",0.984039767082227,0.895211243592505,-0.538457809040288,-0.86046281535752,-0.033206049951316,-0.443406442626521,-0.3533584844865,-0.252837605700335,0.876815260683863,-1.24722311535363,1.69385776966302,-1.33665637591792,0.0389271103000932
"TCGA-AA-3509",-0.140678589086887,0.11577343812593,0.164975512757424,-0.356638713007727,0.075804647883064,0.490564875370458,0.226817950940148,0.0170258149744291,0.068748812472185,0.16248320531892,-0.552889326092625,-0.0257958556646364,-0.672643880496038
"TCGA-DM-A0X9",-0.654310730256512,-0.266894107513326,0.748753039356329,-0.247341944324903,-0.374917857283017,0.900277771795988,1.3335711535073,0.143817160750419,-0.589647774018611,0.622581721722252,-0.19033474345321,1.01167489804511,-1.72350360875722
"TCGA-CK-6751",-0.34198378270236,-0.318700342011673,0.61654578726171,0.237187126072269,-0.430936206712507,0.0165683341489213,0.20061405249729,0.480129467515791,-0.306428551762299,0.633242416477688,0.674003095231438,0.340894132041334,-0.206044340577356
"TCGA-D5-6535",-0.135206011411077,0.260245353189234,0.390164947104878,0.0390278463016615,0.037534599141732,0.182548460696923,-0.142044604696326,0.469291552246357,0.00476010890980479,-0.130054872831582,0.212409439580399,-0.326071489517257,0.229654793729543
"TCGA-D5-6922",0.876315009780538,0.866085213162384,-0.987728108983371,-1.26195527634716,1.16764601782181,-1.06577032490909,-0.481005929786232,-1.57767637691391,0.89387601605431,-1.06619903221835,-1.07817485933753,0.166770549365713,0.00446364926847259
"TCGA-A6-6137",-0.551260155836858,0.216229863714897,0.118518945098482,-0.22772215591127,0.282386615064335,0.691314903044801,-0.116858117642183,-0.109277297294955,0.262290406710995,-0.0777399767905839,0.103621488194085,0.0352426343832968,-0.0700290647644651
"TCGA-AA-3655",-0.0809685771090014,0.186651413891564,0.330231382866247,-0.0199792645042204,0.0492036774294576,0.0996675669553822,0.348095956113031,0.31706711602274,-0.286218533077363,-0.00564917089406342,0.517772514407407,0.228440842121469,-0.251827712178545
"TCGA-CM-5863",0.205638834287946,0.802456372726127,-0.198445380854514,-0.651720712955323,1.07853372433236,-0.151494398195701,-0.75029139716658,-0.454730823689452,0.919755386827728,-0.368341979728278,0.443565866234735,-0.116658030005537,0.0308014004592378
"TCGA-AZ-6603",0.472460927330243,0.875463702712794,-0.619924155672539,-1.14080941128834,0.83901693250346,-0.400796734520296,-0.271204314531434,-1.13594332081824,0.98441606877399,-0.732563701570448,-1.31903373714175,-0.0764080536494074,-0.410896826386976
"TCGA-G4-6297",0.89694123020333,1.05361931649699,-0.791724152090099,-0.861940561122882,1.06911516714816,-1.15192054723338,-1.07805678516946,-0.861944123531182,0.854834702840642,-0.89357491406529,-0.72700739187364,-0.755449781279679,0.723336745050518
"TCGA-F4-6704",2.17671212954959,1.97814237370985,-1.82621409155433,-2.64051247730483,2.10762395979206,-1.28715686570227,-0.265850726977251,-2.63469167702731,2.00824561080022,-2.10716289107708,-0.544866744385128,-0.321213357623387,-0.93625753438429
"TCGA-AA-3495",-0.700789154872351,-0.224236253825099,0.553243718658858,0.0505076887598308,-0.253049093542941,0.938043097711671,0.320307270403456,0.364844715366157,-0.0659503108435111,0.436006008030471,0.363793327994501,0.0309151471337293,-0.46660374613052
"TCGA-G4-6306",-2.31436713127182,-2.16650831298386,1.68789656058632,2.33054556127736,-2.04492936348887,1.50549216351945,0.280866914823553,2.12535482250639,-1.43071062758399,1.80139540565787,0.755089207710279,0.36362015300547,0.843291080686795
"TCGA-A6-6648",-0.511944801165066,0.237479575465434,0.392835620234435,-1.07977074695045,0.413252584459342,1.15770349242028,1.18567909764162,-0.602144828932982,-0.293409715134081,0.337743658120531,0.262870824129092,1.0638818712765,-2.37210578326271
"TCGA-CM-5861",-0.463977780798184,-1.15185792306846,0.639842775957356,1.77249656897734,-0.882955006562616,0.342701442873233,0.101627078663999,1.66970905352392,-1.03182442751621,0.822537642686582,1.72583625760289,-0.139567358289777,0.763990779965465
"TCGA-CM-5864",-0.810651019377751,-1.17569747741703,0.148248738321062,1.32399760006267,-0.864463926163332,0.523267297717269,0.218480315414232,0.950301624360737,-0.744160700905716,1.10751099749819,-0.552537319613783,-0.755513017882803,0.600835214558102
"TCGA-AA-3492",-0.825259094780329,-0.593152164722397,1.09175294510905,0.374494864399847,-0.937816385190663,0.857160917161402,0.84597350267746,0.885686177982956,-0.318270303619991,0.89761929863637,1.53370426032457,0.112408889000138,-0.752432485293333
"TCGA-DM-A28A",0.0193826287316543,-0.371087679418792,0.0583500201919123,0.186543701208641,-0.0913759515565075,-0.333191629326948,0.465083587281582,-0.194569199405852,-0.644785373484194,0.258485141457785,-1.04113145192816,1.03526761888123,-0.422302486614153
"TCGA-F4-6856",-0.684278212267078,-0.870043692605487,0.475846970837078,1.23543531076606,-0.809274650472393,0.359446144763669,-0.0340198478082817,1.30683164287226,-0.734705308504084,0.630741083410758,1.52392547578416,-0.00286218490911755,0.857174044620195
"TCGA-CM-6674",0.258655925496013,0.0855409493608119,-0.0933621752228305,0.0501106862524034,0.137089198036614,-0.0191841810890247,-0.184543365391674,0.320940945583011,0.257203412463843,-0.113363798346095,1.29279647836974,-0.408737557819936,0.0632460349886844
"TCGA-A6-6142",0.802472882851936,0.436151449139497,-0.739008678355235,-0.155936464765843,0.858958117400947,-1.53443936926935,-1.28044787240418,-0.674242489114428,0.632852673522353,-0.481387979258968,-1.20706141569195,-0.676892238140273,1.26334789270681
"TCGA-D5-6927",0.464540169145492,0.248967106643208,-0.0890126839883771,-0.0585464121230207,-0.191480515647458,-0.475788526754593,-0.534848808022255,0.39207064822256,0.117931761051825,-0.388493219834804,1.17045868241429,-0.284355711119062,0.679249166984755
"TCGA-QG-A5YV",-0.955529617769704,-0.764039548795491,1.08721274689302,0.462209373841089,-0.770515756195742,1.04916808806496,1.06733782288139,0.65023677629556,-1.03050834329923,0.786916271214478,0.00300718255842532,1.0773901808067,-1.10325206048984
"TCGA-CM-6169",0.855323234264185,0.491671154649531,-1.82633122322943,0.432810999163762,0.755006921209097,-1.95888193581058,-2.59270733995285,-0.109267931098559,1.00133977529501,-0.689442217309232,-0.878475065986348,-3.42175462117353,3.47409301086064
"TCGA-AA-3660",-0.328931967511453,-0.164196671712602,0.25374531856462,-0.0108292105812894,-0.0569932668037258,0.44881604969081,0.185932920386592,0.0567145668981953,-0.146875927614295,0.179048438029306,-0.00295503539928627,0.289023299269526,-0.25419761074876
"TCGA-D5-6533",-0.143633815904685,-0.420623820311854,-0.00992437330132884,0.257721930239238,-0.357820101175261,-0.120280568619291,0.158011837058239,0.232322022996889,-0.368598889151143,0.298497883931786,-0.671361071299699,-0.146412052303266,-0.10570350347944
"TCGA-A6-6140",-1.05949192649363,-0.711726006462733,0.759442954803131,0.492927084675225,-0.571102296367372,0.82597865318893,0.472526698082915,0.54174338389895,-0.738406340199864,0.727938023558437,-0.116548813970056,0.597810379220114,-0.545971638087199
"TCGA-CM-5344",0.315245313442809,0.118743205076663,-0.398661105721599,-0.126431806497649,0.47534004162772,-0.76021457626168,-0.530407253197567,-0.530537564408897,0.320731431270326,-0.025329721152419,-0.997045698007564,0.118445618116015,0.40775449316897
"TCGA-CK-5913",0.160676548801463,0.371722582904028,0.731462680559428,-0.228746782464396,-0.0415886185884657,0.27190893357126,0.496738018139861,0.71522101949126,-0.342935588575783,0.237581826064255,1.83638070725463,0.206020527496449,-0.868986942122123
"TCGA-F4-6570",0.97248543819604,1.14526959936059,-0.261252618761604,-0.796978830265686,0.37534761932845,-0.657403069395633,-0.455903633794092,-0.257488314200764,0.864011342916399,-1.20307157938499,1.35002294249405,-1.01384354464197,0.566951806669817
"TCGA-DM-A1D9",-0.563472187581317,-0.411310083215653,0.766742726368846,0.217061055471609,-0.389591413859697,0.768824082624416,1.45246157579893,0.210992052134478,-0.803920401911413,0.779581163567778,-0.542683966388118,1.21644830194059,-1.55384859019501
"TCGA-F4-6461",0.697122719178907,0.756419454952159,-1.1755794948406,-0.380192786968358,0.933561211137207,-0.812025345911526,-1.16361198004882,-0.71924914715871,0.83628868314697,-1.14080855795256,0.165398901699375,-1.06019439753284,1.46224530505809
"TCGA-CK-5912",-0.499913797812872,-0.670529343489938,0.0354819315624152,0.700860856442625,-0.359240229563614,0.166563372545053,0.32289788033676,0.285634530842075,-0.611333488216933,0.678161998621312,-1.19554313243387,-0.490666759445704,0.290782528581683
"TCGA-AY-A71X",-1.76909158593351,-1.12734007567017,1.50422088664384,1.16871921292512,-1.11789307188439,1.89357819119272,1.46733545176024,1.25336946453263,-1.18279865033561,1.18276221002655,0.977142994031299,1.99501480737405,-1.02023821092549
"TCGA-A6-5659",0.296890896677937,-0.0402291865448589,-0.369361343916508,-0.264722632328844,0.255069852415203,-0.519560474969782,0.0618269946146391,-0.741139302760793,0.133773278983509,0.0551261271743573,-1.60943329091544,0.00719409786862792,-0.254413006513579
"TCGA-F4-6463",1.05411423550364,0.670058954174735,-1.41733288632512,-0.747705288773782,1.3933482879669,-1.20537996344082,-1.2915718687334,-1.28041728762972,0.616677696865375,-0.769190758520844,-1.03446482695547,-0.507600074327315,0.739068419679132
"TCGA-G4-6307",-1.10880774642553,-1.0302268871278,1.20400796185785,0.340469491473775,-0.994711699690947,1.27178429154696,1.61704747261151,-0.0904320364379077,-0.714415953593688,0.706049418078343,-0.271849194373192,2.24810729914589,-1.48434989167441
"TCGA-A6-6141",-0.293458504453827,-0.100986535852712,-0.257684112869907,0.286051507695863,0.0160833021662743,0.410573614323821,-0.428888785882892,0.34634928639854,0.162245717084521,-0.272686123132483,0.401591449301826,-0.359037761355046,0.879590075807724
"TCGA-G4-6315",-1.54027129413731,-1.46803587862759,0.871894375812062,1.17864826414623,-1.08085197794391,1.15124432106535,0.571195412913595,0.960271235607388,-1.01763752645039,1.27123384641072,0.258093457053037,0.950951488036748,-0.270136431391075
"TCGA-G4-6302",2.490527369822,1.92288296092216,-2.74575250794248,-1.65266148800715,2.63457439021676,-2.63825796195571,-3.054723089431,-2.14358818353276,2.72368103288769,-2.26639732706355,-0.468422356596226,-1.71757872990724,2.05179006504104
"TCGA-DM-A1D6",-0.808706523190014,-0.770787887452344,1.04859832865637,0.43720988771853,-0.635607276505318,1.14310221128868,1.96820459568028,0.497869103982765,-1.52906933329397,1.04366406055382,0.2431956835983,2.10372915194651,-2.27048246848079
"TCGA-A6-6652",-0.528488763987756,-0.96468145621001,0.51088031151591,1.12856183346343,-0.778572313097567,0.076938064582126,0.404788502422731,0.390619140783337,-1.09677309521494,0.484255407117358,-0.988370315274489,1.01085218641481,0.21745196291239
"TCGA-D5-5538",0.64155615067809,0.709004537642983,-0.374377012028442,-0.613923033961815,0.570541740997337,-0.467562545308863,-0.324638141143143,-0.168477747623707,0.590836742263928,-0.395041819112802,-0.304277175408291,-1.19652848946574,0.136047966456517
"TCGA-D5-6537",-0.615803964811152,-0.942513372536924,1.12363714387867,0.809880579454855,-1.07924764179464,0.918527655668231,1.1710453678181,1.01333982964469,-1.43815356615715,1.1628061104505,0.356704141265707,0.99459152849043,-1.17055111707993
"TCGA-F4-6807",1.6999647903349,1.57169009108146,-1.77738559382089,-1.36133671735201,1.69817297184906,-1.54374642247998,-1.80961579085299,-1.39544665072779,1.75275578400142,-1.81380384044127,-1.01914087332171,-1.64538780292337,1.1674425264001
"TCGA-CK-6746",0.25910809353695,-0.400896186031567,0.129218970646723,0.684280633360914,-1.13679473488724,-0.0186297059262446,0.753122379848636,0.693829774352541,-0.808562848196108,-0.216212601042388,2.36038326159952,-0.672666326907198,0.0503329548165033
"TCGA-AA-3675",-0.348887720780918,-0.164309879261502,0.562461170209802,0.0548409256974537,-0.249285008903317,0.735144005506189,1.02291843154939,0.37702792105142,-0.487884248346227,0.485062620520904,-0.180936812199429,0.67865258897357,-1.15829850494713
"TCGA-G4-6304",-1.4723836859296,-2.25416860365608,0.814586333896484,2.78322955716532,-2.27733998859689,0.75880967779379,0.33076994595535,2.24603849587037,-1.70629458249689,1.38677844888709,1.12720592096918,0.216060493347423,1.66158018499233
"TCGA-DM-A282",-0.703320032447372,-0.706407971773044,0.326693653263828,0.555180863207799,-0.411233559438882,0.463988864648737,0.60803717809089,0.064508252864554,-0.419925374931499,0.821052020007581,-1.19072167641647,1.00858213950837,-0.489338091018153
"TCGA-D5-6536",0.733588695333417,-0.00644907767645577,-0.757216525716902,0.160803160979662,0.440742301470624,-0.748694367590051,-0.693748266613204,-0.021085708548969,0.121552836227497,-0.366797676405342,-0.310196368005731,0.0456336979540564,0.627862067410053
"TCGA-A6-6654",1.9378257875315,1.8430113015982,-1.66047274070195,-1.66431109552498,1.67553711292834,-1.96355164082281,-1.69382008200279,-1.63983861853352,1.75764452056718,-1.96506300039882,-0.698502357976732,-1.44151751394937,1.02975972127602
"TCGA-CK-4952",-0.385476315886799,-0.665914962847877,0.952450395419263,0.520185011680465,-0.962863035980416,0.802143813573086,1.01788091617279,1.06543539405514,-1.18191659723372,0.81145204417787,1.79867567683379,0.835080450655703,-1.06924561897996
"TCGA-D5-6531",0.291740337716884,0.078092451976245,-0.156072300753488,-0.0128602205884861,-0.073669182829096,-0.668783335024025,-0.299106726599103,0.0319134893565603,-0.155252203943973,-0.187281021697542,0.0742175577189516,-0.522654595490772,0.342062826936187
"TCGA-G4-6625",0.552024004611617,1.01507404928,-0.819793412925284,-1.19588949369474,0.718246816786844,-0.303867938531367,-0.863751025302226,-0.861889813603873,1.34003454094216,-1.19820416663472,-0.0204986837278343,-0.905732597817498,0.381124549817467
"TCGA-F4-6703",3.04155089828973,3.01712822448801,-2.18091088912808,-2.40958784763348,2.2830353825015,-2.16437021764067,-1.93431254537044,-1.91706952576612,2.46743161853537,-2.93525171332603,-0.0522165062606689,-2.26352246335445,0.865168130547262
"TCGA-AZ-6598",-0.342911513482279,-0.740460870859896,0.37653480510152,0.840697861425773,-0.96589455792205,0.228269846883887,0.61477625871726,1.27539783712046,-0.807318941564677,0.56182806881917,1.68903670572947,-0.244110078805358,0.0473337175974691
"TCGA-CM-5860",0.42638030727354,0.36525115917586,-0.318827172579547,-0.133680430622413,0.397671842475223,-0.867096983074006,-0.658724425931844,-0.0680212249330378,0.368501472272973,0.250148044357827,-0.538698763748637,-1.45083562603519,0.578480572783772
"TCGA-AZ-6607",2.05402718631176,1.85943793590318,-1.4108673688587,-0.581346035116203,1.82915195649502,-2.22166599086454,-2.07318799060515,-1.0097818175069,1.05804831624696,-1.50903819810488,0.299268087350592,-1.98193228566653,2.07613461758254
"TCGA-D5-6898",0.882430710275472,0.834339155632438,-0.805584866392879,-1.18621103554913,0.941149274613836,-0.77578868117067,-0.267500733285291,-1.28763475812823,0.720733900886143,-0.887201775868559,-0.522899866082513,-0.132706365253729,-0.338156064712337
"TCGA-CK-5916",0.703510690902385,0.469114598532827,-0.445935977615851,-0.265740383744974,0.0533245608699266,-0.696006616556131,-0.462356835927702,0.186570254737516,0.148559572989427,-0.621607828035509,1.14581842972529,-1.41741070822983,0.427501296591406
"TCGA-AD-6964",1.20144878308623,0.806937001553828,-1.536761139567,-0.426961261776797,0.693923682616842,-1.16387849386256,-1.397715814124,-0.404590709514683,1.31218056967546,-1.48537629563703,0.230091294626104,-1.95333686911589,1.84432892460434
"TCGA-DM-A28G",-0.892590768630154,-0.627851625427953,0.474082320923566,0.570735379510287,-0.281328329664255,0.840024606151713,0.454350717842217,0.285135808906409,-0.577572759827709,0.679829612428859,-0.334784781627763,0.700406213036652,-0.263780649430432
"TCGA-AD-6890",-0.454819912046107,-0.773199595282094,0.280923906613419,0.783614506213172,-0.775349462964359,0.165075348838221,-0.0905472107742843,0.5685678465399,-0.354131632906178,0.43099704320697,0.0566862699632125,0.315834919923042,0.596768634716692
"TCGA-NH-A6GB",-0.494351221314462,-0.824095704426351,0.639731821795452,1.20860137498252,-1.24272956314502,0.151599369141885,-0.212988930366166,1.29844015823598,-0.966115729450156,0.653175240000134,0.600090487204961,-0.29538015882916,0.954159005403556
"TCGA-NH-A8F8",0.370914106380293,-0.0316668568142558,-0.581107677255347,0.248997313844659,0.146325138658417,-0.994889577962414,-0.97167134073763,-0.325449060927373,0.299707352994996,-0.305312864232007,-1.45381812691456,-0.214786407133136,1.40106176348412
"TCGA-SS-A7HO",-0.348772791977489,-1.30295623897714,-0.187710862266277,0.884366149563101,-0.933342150785945,0.0757692475301015,0.476324146601104,0.0437396201334021,-0.973331840045403,0.696868538500295,-1.02355833533347,0.983711288907433,-0.184273267992017
"TCGA-QG-A5Z2",-0.759522884071346,0.172050381361548,0.750430516000601,-0.18886565330352,-0.480316282142429,1.61297867080177,1.11066941390248,0.428937158705464,-0.404199491128254,-0.0990923863196788,1.59416682443794,0.478854995818161,-0.817906212545298
"TCGA-A6-6649",0.89549421779288,1.67871796442285,-0.564063294250343,-1.90541197615874,1.66762576551561,0.114792520340536,-0.413303842262247,-1.4474653971688,1.38503284777412,-1.43459366344277,0.555020735638663,0.347721392289949,-0.78457837577407
"TCGA-D5-6926",1.05793214929636,0.84982333060735,-0.706658260493877,-0.728715523675687,0.687847508766799,-1.31563473032638,-0.539789471456529,-0.888322960867809,0.613447520588123,-0.87284233206781,-1.19259898504866,-0.249234210007361,0.542529113884411
"TCGA-D5-5539",0.456603350755731,0.695242366098792,-0.466894206073894,-0.791393478446432,0.961319197621435,-0.196179902168335,-0.460877637481921,-0.541401710637675,0.695766159351995,-0.475647128374852,-0.311769947346596,-0.422782482560304,-0.0339112772450804
"TCGA-DM-A28K",-0.919280545335017,-1.46900123075199,1.05178102234014,1.4168198855787,-1.31273686351857,1.25593000375095,1.09965263583537,1.5385987930963,-1.44898461836806,1.29674046378259,1.01273922183186,1.21041482924478,-0.384053526268947
"TCGA-DM-A28C",-1.40508776226793,-1.30003497305849,0.711098562201341,1.23115709090493,-0.867010269667816,0.881766928105202,1.22216026758976,0.716285138145283,-1.31762881782047,1.15197439409252,-0.808495927095363,1.40679662493167,-0.455885186800818
"TCGA-AA-A01X",0.00128430326196987,-0.114730750173095,-0.403838736988836,0.158141189488957,0.111905489224661,-0.0871269842464896,-0.176056103905649,-0.502879681679578,0.0790176476694369,-0.391358409664968,-0.809748821954078,0.351088411520392,0.370039641941812
"TCGA-CA-5256",-0.899491280736997,-0.99075233098613,0.605646625481463,0.725185923662607,-0.873722401635126,1.1758234723679,0.793254005258243,0.691637083474136,-0.577837897441328,1.26064644257897,-0.371199687331598,-0.449598683487956,-0.665430014379153
"TCGA-AZ-6601",0.630942466825628,0.82397489397591,0.0125689032624954,-0.887281935151356,0.115523454974543,-0.287461873111222,-0.17644862563613,-0.397966254661682,0.695629634555064,-0.866440528700674,1.04844712545035,-0.590138941751558,-0.0586524994192869
"TCGA-G4-6314",1.597415316692,1.02750099201708,-1.69048852746643,-1.26536914912786,1.48357654638199,-1.73289011890902,-1.47841479868919,-1.82935221356397,1.25462392205676,-1.3184863157567,-1.57053495395726,-0.349971200197041,0.609461657215284
"TCGA-CA-6717",1.53570796261992,1.4677320553656,-1.6203224014314,-1.71040479130814,1.54270766819392,-1.0715240745213,-1.1815389643511,-1.8535804878396,1.61712266318475,-1.63268959383156,-0.088465099289879,-1.16787186978235,0.42957060657324
"TCGA-F4-6808",-1.05859325647409,-1.67721117131529,0.68152516195044,1.52813538719358,-1.25211385301598,0.582182228988574,0.398205191064969,1.02219704630879,-0.982318042502349,1.3733929001019,-0.493969906143176,0.808594913164353,0.190036562935336
"TCGA-D5-5541",0.674549295496169,0.665749189182946,-0.63862661084775,-1.00833930202508,0.525531560675937,-0.458267879473831,0.481019655337602,-1.10462386995924,0.517576994329704,-0.673763315723645,-1.0002895234011,-0.405194247576869,-0.809664776100843
"TCGA-A6-A567",-0.332379412507488,-1.2348005607712,-0.684199256752605,2.04811869744227,-0.602497599183489,-0.80913146798467,-1.47982048517663,0.817380605869676,-0.711846925233561,0.716787574265014,-1.12795330000309,-1.14175683146421,2.95812652786785
"TCGA-DM-A28E",-1.70226609992601,-1.67415115605741,1.16294345442783,1.70138153761715,-1.64388371443597,1.02084451557277,1.06010801364994,1.35419452716539,-1.59094823779393,1.52343607904169,-0.708410918198228,1.16998364070124,-0.3185774154027
"TCGA-3L-AA1B",0.440861076343158,0.604477562325063,-1.20128913328028,-0.503738465265676,0.890556561841395,-0.409632280222758,-0.760967238380276,-1.05773336160447,0.773100289761728,-0.895460353913339,-1.10862369998851,-0.274654214374884,0.796219312462158
"TCGA-CM-6171",-0.196808128612957,-0.203729229364936,-0.061394253304578,0.267494999579671,-0.152984290992542,0.401145438680836,0.517213461759303,0.592977928642225,-0.563979346470443,0.293078331219483,1.83494723369092,-0.0901664933893427,-0.344290830304342
"TCGA-AZ-4315",-0.346561177021384,-0.458881924271822,0.90312806031399,0.342038573092271,-0.771800169145077,0.955947598981405,1.13438051004831,0.818211630313188,-0.68134236285676,0.982532005866693,0.524190449833731,0.143751648375122,-1.17543178335109
"TCGA-DM-A1HB",-0.557280364971466,-0.754261410600199,1.69446680715235,0.758919340051555,-1.13297374241074,0.998161587934083,1.25536590618756,1.42451926161976,-1.19697291900485,1.26287640360197,1.94890885835497,1.46680317222271,-1.33764990179085
"TCGA-DM-A1D8",-0.656347624034151,-0.691658897649071,0.855249866609837,0.476452861156747,-0.88791719335668,0.714740246834615,1.58572999076328,0.18934537685589,-0.745256692574719,0.532538091572434,-0.218909066912209,1.52356064865221,-1.12246252551997
"TCGA-A6-6651",2.64287001157768,2.20871284727469,-3.13030245260477,-2.5001844823384,2.55926554399816,-2.47829193223612,-2.49493276049989,-3.08912829826424,2.899475631313,-2.7728394458223,-1.78390086084147,-1.64870947408411,1.24435972989676
"TCGA-QL-A97D",-0.857901302110608,-0.59386714419882,0.816052400142467,0.676890586795634,-1.11382677018103,0.846295531617838,0.443888142136745,0.945362797437395,-0.622796238935816,0.465927956468325,0.429646851783866,0.0260530345139956,0.124305649966077
"TCGA-G4-6323",-0.829442540573141,-0.342696122064071,-0.0436640403491523,0.636777572126222,-0.244950446481207,1.22043358519263,-0.19799840237048,0.486445197645938,-0.0765027315133447,-0.0882185681872345,0.331306829315542,-0.574725035785495,1.16851597912581
"TCGA-AD-6895",0.592157668751194,0.599631660943547,0.37656249580404,-0.17133636896814,-0.00397596066773521,-0.351620685628289,-0.515060145652647,0.301011168821819,0.259260609444706,-0.504796991021129,1.65999618499486,-0.155936073694893,0.410495900400493
"TCGA-AA-3662",0.150240625389797,0.337878892083596,-0.209050460418418,-0.238118175294414,0.0862311689503237,-0.0932717605322177,-0.485883204183009,-0.129910751611601,0.455142788612639,-0.334450388984983,0.077153292045499,-0.58845836523018,0.465921674542059
"TCGA-AD-A5EK",-0.204997786563187,-0.386686242500129,-0.202687536833445,0.169452116335253,-0.186656113281989,-0.0679757049339952,0.81820461634528,-0.356936697681416,-0.402952314826476,0.227550166755395,-0.820457603470357,0.732236266552995,-0.553886453864303
"TCGA-G4-6309",-0.711531538654806,-1.08093112281302,0.808865236440523,0.982113727889476,-0.996669832801384,0.904395208220809,0.461446892494574,1.03260267348997,-0.976717645605426,0.849788530330636,1.44513607885359,0.82891290106666,-0.23015626022279
"TCGA-CK-4947",-0.0495447801569938,0.654420100486123,-0.038464168158783,-0.791383574618883,0.43089588119327,0.139588209133095,-0.0439529172301237,-0.325463426844616,0.392768125609237,-0.238088566348668,0.352897922551887,-0.627638180120104,-0.338209026059784
"TCGA-AU-6004",0.620083057410601,0.878979284666733,-0.121959766172512,-0.711126577740467,0.245029538399117,-0.213877870137996,-0.175887738530904,-0.029204935595778,0.517950340016391,-0.841638568867878,1.24383361344945,-0.360509032379691,0.0672422174198027
"TCGA-D5-6924",0.9359009048685,0.545884898051816,-1.406006204858,-0.257853250916261,0.586251443330764,-1.37425525877773,-1.36633990807854,-0.696843935303769,0.771503456036208,-0.96570722703403,-1.15589896556472,-1.44414554007879,1.75234265272119
"TCGA-CM-6678",-0.218795631787697,-0.0874936352327242,0.054243923172926,-0.00852676372798,0.293063459225433,0.248184299650964,0.236884669802625,-0.285503732418168,-0.0906597755078741,0.36694932437457,-0.788175692218937,0.843496358696298,-0.616650601135933
"TCGA-F4-6805",1.22636160916698,1.15104601818314,-1.28640292213751,-1.01244034555248,1.37928295651898,-1.27425927987794,-1.58335290256039,-0.925887346391618,1.2098930997805,-1.03371487253369,-0.160952485830843,-1.25619273659935,0.892850297099094
"TCGA-AA-3685",-0.127625421411346,-0.00793739729869295,0.336005043063517,-0.316877456245682,-0.283409332040552,0.835087030955698,0.387867101096083,0.184945521299634,0.358616974311453,0.206660440487798,0.0923906613594637,-0.53580739323064,-0.784286658329209
"TCGA-CM-6679",0.90317046144322,1.16588840427345,-0.968475375777052,-1.16203011118193,1.16509896725201,-1.0444845654403,-0.624682017015679,-1.45019954171788,1.2229691810888,-1.13659125371603,-1.80840832297071,-0.460756966510097,0.424528832417253
"TCGA-AA-A02Y",-2.34675137717431,-1.68000600034071,2.21923059257257,1.45780455336915,-1.86557150988634,2.49364022227159,1.66045290458183,2.28178622686767,-1.44920601796314,1.9116906802769,1.33829711079514,1.30240641682065,-1.48752793094451
"TCGA-D5-6539",-1.06331383126353,0.0883849769151101,0.439038689828658,-0.238546542162563,0.211194537963885,0.965554565047262,-0.0113926492149794,0.368599145318382,0.190461200089369,0.32746794133698,1.02517648270046,-0.310282045325851,-0.32127943550295
"TCGA-AA-3712",-0.0166129608417283,0.121698987932146,0.188369375273512,-0.209587677954889,0.0430045854182684,-0.243873885717597,0.1518428464341,-0.103216165064696,-0.292670177310516,0.194443672137628,-0.491038759424023,0.397461970371107,-0.522867963555404
"TCGA-CA-5255",-1.39462829730542,-1.19229410607927,1.50891641685944,1.45548875508044,-0.933193409396828,1.3263260285893,0.81020271907095,1.59353368359517,-1.30649088333622,1.47227133676254,1.27811929463125,0.959891605789958,-0.312302406155615
"TCGA-G4-6626",-0.835833319027921,-1.53619290838137,0.795206590625318,1.05905161479717,-1.17568356963674,0.791532527528319,0.994197562834811,0.745079443188388,-1.3169474068405,1.04550770803326,-0.142107169091788,1.64346413454222,-0.761138403157435
"TCGA-F4-6806",-0.496524970450336,-0.263460912268161,-0.0687357394036624,0.804612583658869,-0.0445642606122588,0.0589717790552203,-0.790031571673547,0.58588112109639,0.101578625650715,0.160466836036513,-0.303375188818177,-0.497211548071001,1.32585575410278
"TCGA-CM-6675",-0.635208369591843,-0.30486568012733,1.17848010906627,0.589628350823522,-0.57994227375092,0.665210008603746,0.993959418070782,0.785472009454791,-1.03564803021364,0.673984343647707,0.989464672049398,0.780907425804375,-0.661243168512149
"TCGA-DM-A1D7",-0.760023560195845,-0.447599194080447,0.889723888134896,-0.00997084153139817,-0.466231348858339,0.985729938141647,1.07605283533778,0.212151677325373,-0.307151185549162,0.709529132430337,0.050897843194647,1.31021274191643,-1.31542207227893
"TCGA-CM-6166",-0.18057681048324,-1.14904106415991,-0.334254791046265,1.11132539806741,-0.412672649294169,-0.471364261451989,-0.122892962178269,0.149654377313513,-0.813868753747479,0.869394238268956,-1.49531459764595,0.133887121581006,0.537244774427798
"TCGA-A6-5662",0.0975218973549653,-0.110283570809979,-0.287536389632228,0.110420583289566,0.41945719100465,-0.498369660293232,-0.117303300990259,-0.605899435980973,0.0979354984930336,0.0888540582965267,-1.66849359620154,0.0418396289501717,0.048103877523167
"TCGA-CM-5868",0.166642079683419,0.223606168411571,0.101740706975158,-0.571450076382723,0.344150633192937,-0.0363554044312387,0.473915302842614,-0.68097431961425,0.323877984826418,0.0478416744032952,-1.12356690604112,0.624612953310798,-1.07794098730938
"TCGA-4N-A93T",-1.53346175360543,-1.34344691852062,1.06390018821914,1.57119556284387,-1.36040723389022,1.30606663378135,0.450777060270335,1.0345893042262,-0.527524075102495,0.781517326676187,-0.319773828900483,1.23203534010002,0.609538954385658
"TCGA-CM-6170",0.155911307567911,0.469393905235184,-0.188086651968717,-0.422336574608217,0.416099484296799,-0.36291411817373,-0.162722094765387,-0.50767372308554,0.371531615834951,-0.306346103655876,-1.07208894037361,-0.426627125094865,0.0662060967169405
"TCGA-AD-6965",-0.343748012439536,-0.594496696614488,0.246532366437044,0.391300485513773,-0.279030616380208,-0.113944799200377,0.0478370581295044,-0.0383323740415771,-0.631212086197137,0.463392099516264,-0.626125984102729,0.382364162451794,0.112581331572044
"TCGA-CM-6680",0.427649853855609,0.859522688688381,-0.562196797524415,-0.681272736545596,0.97372620447866,-0.0938427887491007,-0.510946719852656,-0.414080077369416,0.734990281752267,-0.79490982487293,-0.0150246197405345,-0.241892514178246,0.180326874193498
"TCGA-AZ-4313",-0.901342926039086,-1.30400949050069,1.60145041867975,1.27072837701382,-1.32847457829583,1.29684031089646,1.27358747159441,1.50728854987221,-1.29358314410657,1.51087484620289,1.34463152787007,1.31664545884705,-1.16729873963184
"TCGA-AD-A5EJ",-0.361968725844193,-0.358994849671645,0.978319981684361,0.579340762562761,-0.711033232621986,0.571810250734015,0.629855259411644,1.2061435888819,-0.904008324330193,0.687992752939359,1.71597784103067,0.638857376888453,-0.415557951839751
"TCGA-A6-5667",0.270425362609028,-0.00824219775547638,-0.376592195853081,-0.325184541536663,0.44025120821491,-0.63156570372323,-0.301838803374377,-0.767397102690636,0.196513709202363,-0.0721351208043021,-1.09312126650271,0.263527931860315,-0.295107259634373
"TCGA-A6-5664",1.53071530298295,1.52997311419023,-1.61648725168366,-1.56456872124828,1.79806352950233,-0.930733820833938,-1.57435341315405,-1.46850370244984,1.61328616497365,-1.57868866135029,-0.257121138418646,-0.766312321119486,0.430927975327471
"TCGA-CM-6677",0.0366865434061773,-0.49652703842121,-0.254388159883933,0.631790721195393,-0.585738370021845,-0.523912920848776,-0.521094755548645,0.383581828677933,-0.191363269740087,0.270053358125745,-0.207394250803214,-0.738526935476503,1.17688243696693
"TCGA-T9-A92H",-1.19432835673825,-0.99636767806821,1.27059827021611,0.906762588694119,-1.12096802333852,1.09779494816922,1.13389008526506,0.911371391856517,-1.18181776512946,1.25033943196085,-0.113436734611437,1.2159267166508,-0.910032657393592
"TCGA-D5-6923",1.16994264800652,1.04276336565037,-0.497007765418504,-1.20470181266948,0.843764766846175,-1.19314763599896,-0.152289297742163,-1.32076327931416,0.409042904140853,-0.792611486154423,-1.06106933367702,0.588862776214306,-0.604876136103019
"TCGA-F4-6569",1.66976176682292,1.73929065447478,-1.49271873424758,-1.82514226061174,1.77946377824973,-1.97321408919828,-1.16677779659871,-1.94427361971961,1.83643917064771,-1.70271652341976,-0.827677247273761,-1.11887235718283,0.437829024432704
"TCGA-RU-A8FL",-1.89199351601337,-2.50347368612916,1.62590347371362,2.32422785355483,-2.40380348810138,1.56664906877062,1.73466990379824,1.79022360789355,-2.27098296786071,2.06724194957739,0.0831023035624096,1.77810478920699,-0.431546022037798
"TCGA-DM-A28M",-1.66288465984132,-1.5346281547386,1.91373862249305,1.19088527489013,-1.45551237127477,1.90022157923329,2.03249957261828,1.49035272420715,-1.54058941760144,1.96824854445527,0.424581944478184,2.00551368585255,-1.96327802742624
"TCGA-AZ-4682",-0.833864430862837,-0.521790405145141,0.867967215253341,0.0917796728217593,-0.427550555448127,1.25292069554188,0.879775397573886,0.207251943536478,-0.109725880374603,1.05043973918152,-0.449054520069166,0.767758212877088,-1.35909923088204
"TCGA-CM-6162",1.85221839527914,2.15617812306957,-1.79054274628754,-1.87724923640221,2.13513263330819,-1.50458461701318,-1.64719692124154,-1.36057774630523,1.70356024434889,-1.72182714232817,0.439798270153097,-1.83759960298133,0.514231023977608
"TCGA-CM-6163",0.224179067915974,0.836035078764997,-0.539856517517227,-0.933772423158108,0.650706091842427,-0.0810913179502559,-0.209061689375166,-0.858380904582966,0.753074448985905,-0.631592423462034,-0.495817602409938,-0.665596244534615,-0.119117046744122
"TCGA-A6-2686",0.734579958022256,0.733495408925735,-0.442350846912255,-0.723617317709136,0.170887548128734,-0.090936501109539,-0.232112335763721,-0.65782538410551,1.19904636453273,-0.84310756607052,1.05393985888797,-0.997419490117915,0.248731828330861
"TCGA-CA-6718",1.64382349483196,1.10493988771977,-0.72113605229499,-0.895711775801734,0.375060053799943,-0.689630711609857,-0.0498710563997448,-0.54323846228095,0.168146250621575,-1.463150452631,1.10546539311186,-0.820559241796627,-0.15257668450613
